link,title
https://www.youtube.com/watch?v=3qTZnwRbFY0&pp=ygUZQ29zdGNvIFJvdGlzc2VyaWUgQ2hpY2tlbg%3D%3D,This Is Why Costco Only Charges $5 For A Rotisserie Chicken
https://www.youtube.com/watch?v=jBFMDZ5ugd4&pp=ygUZQ29zdGNvIFJvdGlzc2VyaWUgQ2hpY2tlbg%3D%3D,Removing Meat from a Costco Rotisserie Chicken
https://www.youtube.com/watch?v=gXjcwnEpILg&pp=ygUZQ29zdGNvIFJvdGlzc2VyaWUgQ2hpY2tlbg%3D%3D,Don't Eat Another Costco Rotisserie Chicken Until You Watch This
https://www.youtube.com/watch?v=qkRAUoYLeaU&pp=ygUZQ29zdGNvIFJvdGlzc2VyaWUgQ2hpY2tlbg%3D%3D,Pro Chef Turns 2 Rotisserie Chickens Into 4 Meals For Under $12 | The Smart Cook | Epicurious
https://www.youtube.com/watch?v=L_2jL8vNiNM&pp=ygUZQ29zdGNvIFJvdGlzc2VyaWUgQ2hpY2tlbg%3D%3D,The Big Problem Costco Shoppers Are Currently Having With Their Rotisserie Chickens
https://www.youtube.com/watch?v=3XDcNI31T2k&pp=ygUZQ29zdGNvIFJvdGlzc2VyaWUgQ2hpY2tlbg%3D%3D,10 Easy Costco Chicken Dinners | Recipes You Can Make With a Costco Rotisserie Chicken
https://www.youtube.com/shorts/-50Q3BvM2Xo,
https://www.youtube.com/watch?v=cWq_OQDBs6Q&pp=ygUZQ29zdGNvIFJvdGlzc2VyaWUgQ2hpY2tlbg%3D%3D,COSTCO BUSINESS CENTER - NEW & GREAT FINDS!
https://www.youtube.com/watch?v=5K9brCRKND0&pp=ygUZQ29zdGNvIFJvdGlzc2VyaWUgQ2hpY2tlbg%3D%3D,"Terrible News at Home Depot! Stock Plummets, is Lowe's Next?"
https://www.youtube.com/watch?v=aNMednOWW4c&pp=ygUZQ29zdGNvIFJvdGlzc2VyaWUgQ2hpY2tlbg%3D%3D,"Freeze Drying Your First 500 lbs of Food - Batch 25 - Chicken, Costco, Rotisserie"
https://www.youtube.com/watch?v=gkc6DBUdfr8&pp=ygUZQ29zdGNvIFJvdGlzc2VyaWUgQ2hpY2tlbg%3D%3D,Hauling In Big Savings At The Dollar Tree!
https://www.youtube.com/watch?v=j6T4JKuDy3A&pp=ygUZQ29zdGNvIFJvdGlzc2VyaWUgQ2hpY2tlbg%3D%3D,2019 Costco‚Äôs rotisserie chicken
https://www.youtube.com/shorts/4lmFIRrNGh0,
https://www.youtube.com/watch?v=2QYJQDeOWNA&pp=ygUZQ29zdGNvIFJvdGlzc2VyaWUgQ2hpY2tlbg%3D%3D,Eating A COSTCO ROTISSERIE CHICKEN In The Car
https://www.youtube.com/watch?v=uxl4GqLO3z0&pp=ygUZQ29zdGNvIFJvdGlzc2VyaWUgQ2hpY2tlbg%3D%3D,2022 Costco's Rotisserie Chicken
https://www.youtube.com/shorts/4yVM0o7-X4U,
https://www.youtube.com/shorts/dMpVdJeLd3s,
https://www.youtube.com/watch?v=8Yd0MbW_IhI&pp=ygUZQ29zdGNvIFJvdGlzc2VyaWUgQ2hpY2tlbg%3D%3D,Can Rie Make Costco Rotisserie Chicken Fancy?
https://www.youtube.com/shorts/aGTQG8fEiMc,
https://www.youtube.com/shorts/dw_Z37rJKhc,
https://www.youtube.com/shorts/bQZyMgPEajQ,
https://www.youtube.com/watch?v=e7Eco6V16dY&pp=ygUZQ29zdGNvIFJvdGlzc2VyaWUgQ2hpY2tlbg%3D%3D,"Costco Prepared Food Review - Rotisserie Chicken, Mac & Cheese, Meatloaf, & More!"
https://www.youtube.com/watch?v=CN8psWSJfRw&pp=ygUZQ29zdGNvIFJvdGlzc2VyaWUgQ2hpY2tlbg%3D%3D,How Long Can You Keep A Costco Rotisserie Chicken In The Fridge?
https://www.youtube.com/watch?v=hnymeCIhWaA&pp=ygUZQ29zdGNvIFJvdGlzc2VyaWUgQ2hpY2tlbg%3D%3D,The Surprising Truth Behind Costco's 5 Dollar Rotisserie Chicken
https://www.youtube.com/shorts/5n9Hj3uUJTM,
https://www.youtube.com/shorts/zlhelhx3uMo,
https://www.youtube.com/shorts/QPOg6Oj0Jzk,
https://www.youtube.com/shorts/aiQt3z6BB5Y,
https://www.youtube.com/watch?v=NKi8hywqKS4&pp=ygUZQ29zdGNvIFJvdGlzc2VyaWUgQ2hpY2tlbg%3D%3D,Costco Roasted Chicken Challenge
https://www.youtube.com/watch?v=1MHoT6VhrMI&pp=ygUZQ29zdGNvIFJvdGlzc2VyaWUgQ2hpY2tlbg%3D%3D,Why Is Costco‚Äôs $4.99 Rotisserie Chicken So Cheap?
https://www.youtube.com/watch?v=IkWt-o4FcyE&pp=ygUZQ29zdGNvIFJvdGlzc2VyaWUgQ2hpY2tlbg%3D%3D,Who Has The Best Rotisserie Chickens? Sam‚Äôs Club VS Costco
https://www.youtube.com/watch?v=HaOb_J4-c0I&pp=ygUZQ29zdGNvIFJvdGlzc2VyaWUgQ2hpY2tlbg%3D%3D,How to PROPERLY eat a Whole Chicken
https://www.youtube.com/watch?v=ihjKLFHDQek&pp=ygUZQ29zdGNvIFJvdGlzc2VyaWUgQ2hpY2tlbg%3D%3D,Homemade vs. Costco Blind Taste Test
https://www.youtube.com/watch?v=FWSDINXsgEA&pp=ygUZQ29zdGNvIFJvdGlzc2VyaWUgQ2hpY2tlbg%3D%3D,Costco Chicken Providers Exposed for Animal Cruelty
https://www.youtube.com/watch?v=foB2JLcKexs&pp=ygUZQ29zdGNvIFJvdGlzc2VyaWUgQ2hpY2tlbg%3D%3D,ASMR- 1 Whole COSTCO Rotisserie Chicken *SAVAGE EATING
https://www.youtube.com/watch?v=0s_71TAHKeU&pp=ygUZQ29zdGNvIFJvdGlzc2VyaWUgQ2hpY2tlbg%3D%3D,The Real Reason Costco Sells Chicken So Cheap
https://www.youtube.com/watch?v=FzgrIOCQjvA&pp=ygUZQ29zdGNvIFJvdGlzc2VyaWUgQ2hpY2tlbg%3D%3D,Costco Rotisserie Chicken!Cost Effective Meals!
https://www.youtube.com/shorts/3oZF1pkhn_E,
https://www.youtube.com/shorts/t2Nvd0yYSKI,
https://www.youtube.com/shorts/x_D8i-dZAtg,
https://www.youtube.com/watch?v=PVx1BTKz7JU&pp=ygUZQ29zdGNvIFJvdGlzc2VyaWUgQ2hpY2tlbg%3D%3D,10 Things YOU NEED TO KNOW About Costco's $4.99 Rotisserie Chicken!!!
https://www.youtube.com/shorts/aG8DgcI9csE,
https://www.youtube.com/watch?v=V2GbMxHegxM&pp=ygUZQ29zdGNvIFJvdGlzc2VyaWUgQ2hpY2tlbg%3D%3D,Which Rotisserie Chicken Is Better: Costco Or Sam's Club?
https://www.youtube.com/shorts/XbU43OhIeJE,
https://www.youtube.com/shorts/6Ssq25UJECo,
https://www.youtube.com/shorts/za5-wPWDeJk,
https://www.youtube.com/shorts/OABYcNPLduE,
https://www.youtube.com/shorts/_0y8dhApoF4,
https://www.youtube.com/shorts/A4R6HZPyM6c,
https://www.youtube.com/shorts/h_NiT96qZtc,
https://www.youtube.com/shorts/d8ncd_Ax9Bk,
https://www.youtube.com/watch?v=XSIOZ7do82k&pp=ygUZQ29zdGNvIFJvdGlzc2VyaWUgQ2hpY2tlbg%3D%3D,Rotisserie Chicken and Carrageenan
https://www.youtube.com/shorts/yN-qrjBCbj0,
https://www.youtube.com/shorts/x6zoA4C7p14,
https://www.youtube.com/watch?v=oiO1Q_Q28Os&pp=ygUZQ29zdGNvIFJvdGlzc2VyaWUgQ2hpY2tlbg%3D%3D,7 Meals to Make with ONE Costco Rotisserie Chicken | Prep Family Meals for the Week!
https://www.youtube.com/shorts/bUnG7uJwYVE,
https://www.youtube.com/shorts/ttZelJz9X4A,
https://www.youtube.com/watch?v=Q2qkVIGF83Y&pp=ygUZQ29zdGNvIFJvdGlzc2VyaWUgQ2hpY2tlbg%3D%3D,5 Easy Meals Using Costco Rotisserie Chicken
https://www.youtube.com/shorts/7BSp1oM7oww,
https://www.youtube.com/shorts/ucOmPs-4b9Y,
https://www.youtube.com/watch?v=684h8GVaQgY&pp=ygUZQ29zdGNvIFJvdGlzc2VyaWUgQ2hpY2tlbg%3D%3D,Costco Rotisserie Chicken Sausage
https://www.youtube.com/shorts/kPzH4HVlKoY,
https://www.youtube.com/shorts/NnXogTwNzaM,
https://www.youtube.com/shorts/gB5J_6Yu6Ts,
https://www.youtube.com/shorts/2YUluvVx_MY,
https://www.youtube.com/shorts/LIhyC71Ty28,
https://www.youtube.com/watch?v=qPIJ9YKlBxk&pp=ygUZQ29zdGNvIFJvdGlzc2VyaWUgQ2hpY2tlbg%3D%3D,COSTCO ROTISSERIE CHICKEN. ASMR
https://www.youtube.com/watch?v=_Cs0VXw90hY&pp=ygUZQ29zdGNvIFJvdGlzc2VyaWUgQ2hpY2tlbg%3D%3D,Easy Costco Rotisserie Chicken Enchiladas
https://www.youtube.com/shorts/-hx-dIpkT9k,
https://www.youtube.com/watch?v=nhBWHTHo448&pp=ygUZQ29zdGNvIFJvdGlzc2VyaWUgQ2hpY2tlbg%3D%3D,EASY Chicken Pho From $4.99 Costco Rotisserie Chicken - Ph·ªü G√†
https://www.youtube.com/shorts/su2kHxmOJS0,
https://www.youtube.com/shorts/bGRfY5KOCPg,
https://www.youtube.com/shorts/45duFC5NDG4,
https://www.youtube.com/shorts/cLk05AGNPNk,
https://www.youtube.com/shorts/5LtDmE9EUZo,
https://www.youtube.com/shorts/t8sT8bKB488,
https://www.youtube.com/shorts/kCmZHjJHYxM,
https://www.youtube.com/watch?v=6JBhekXegaA&pp=ygUZQ29zdGNvIFJvdGlzc2VyaWUgQ2hpY2tlbg%3D%3D,How To Reheat Rotisserie Chicken 6 Ways
https://www.youtube.com/watch?v=NmJl66sQTfA&pp=ygUZQ29zdGNvIFJvdGlzc2VyaWUgQ2hpY2tlbg%3D%3D,Costco Rotisserie Chicken Makes The BEST Enchiladas‚ÄºÔ∏è
https://www.youtube.com/shorts/cPwrq89Q2r8,
https://www.youtube.com/watch?v=wsGAr0iptgY&pp=ygUZQ29zdGNvIFJvdGlzc2VyaWUgQ2hpY2tlbg%3D%3D,Rotisserie Chicken Wars - Sam's Club vs Costco
https://www.youtube.com/shorts/prOsIxEiUDQ,
https://www.youtube.com/watch?v=hqKl0XrjCHk&pp=ygUZQ29zdGNvIFJvdGlzc2VyaWUgQ2hpY2tlbg%3D%3D,5 Easy Ways to Meal Prep Rotisserie Chicken | Healthy Food Recipes | Lunch | Dinner | Costco Chicken
https://www.youtube.com/shorts/yvh1LyccFT0,
https://www.youtube.com/watch?v=JbnZMvmgx4g&pp=ygUZQ29zdGNvIFJvdGlzc2VyaWUgQ2hpY2tlbg%3D%3D,How to Reheat a Rotisserie Chicken
https://www.youtube.com/watch?v=6xEMJTRTlb8&pp=ygUZQ29zdGNvIFJvdGlzc2VyaWUgQ2hpY2tlbg%3D%3D,Ranking Grocery Store Rotisserie Chickens From Worst To Best
https://www.youtube.com/shorts/If2JA0rUjQQ,
https://www.youtube.com/shorts/ZxjJRXB0j94,
https://www.youtube.com/shorts/fQ6UFe5qwiw,
https://www.youtube.com/shorts/mmhZgVzn7EA,
https://www.youtube.com/watch?v=d4_UzosbT0E&pp=ygUZQ29zdGNvIFJvdGlzc2VyaWUgQ2hpY2tlbg%3D%3D,"Freeze Drying Batch 604 - Shredded Costco Rotisserie Chicken with Taco Seasoning, and Rice"
https://www.youtube.com/shorts/AcPrn7pnNOI,
https://www.youtube.com/watch?v=GIVw7JJ4Dj0&pp=ygUZQ29zdGNvIFJvdGlzc2VyaWUgQ2hpY2tlbg%3D%3D,Watch This Before Buying Rotisserie Chicken From The Store
https://www.youtube.com/shorts/9RHOZy2k2LQ,
https://www.youtube.com/shorts/lHKP7TGq93c,
https://www.youtube.com/shorts/ihjYfizafEo,
https://www.youtube.com/watch?v=jI--C9nHjvc&pp=ygUZQ29zdGNvIFJvdGlzc2VyaWUgQ2hpY2tlbg%3D%3D,Costco's rotisserie chicken salad sandwiches on a croissant | Chef Dawg
https://www.youtube.com/shorts/HWmH6N1IxrM,
https://www.youtube.com/watch?v=eIfkXs0avjw&pp=ygUZQ29zdGNvIFJvdGlzc2VyaWUgQ2hpY2tlbg%3D%3D,Costco Rotisserie Chicken Mukbang!! üêì
https://www.youtube.com/shorts/EX-fPZCWMf8,
https://www.youtube.com/shorts/FaBasW8_vCU,
https://www.youtube.com/shorts/AyxGYJEBZ-Q,
https://www.youtube.com/watch?v=-SGrvUOWn8s&pp=ygUZQ29zdGNvIFJvdGlzc2VyaWUgQ2hpY2tlbg%3D%3D,Bodybuilding On A Budget Best Deal On Chicken Meal Prep Rotisserie Chicken
https://www.youtube.com/shorts/L04PYDN_7MI,
https://www.youtube.com/shorts/4298UDBrYso,
https://www.youtube.com/shorts/RdmcvPcTOU8,
https://www.youtube.com/watch?v=MqQRcGYNQgI&pp=ygUZQ29zdGNvIFJvdGlzc2VyaWUgQ2hpY2tlbg%3D%3D,Behind The Scenes - Rotisserie Chicken at Costco Wholesales
https://www.youtube.com/watch?v=_PQYQnp1bcs&pp=ygUZQ29zdGNvIFJvdGlzc2VyaWUgQ2hpY2tlbg%3D%3D,HOW TO REHEAT ROTISSERIE CHICKEN IN THE OVEN | REHEATING A WHOLE BAKED CHICKEN
https://www.youtube.com/shorts/z8ejtWQlvJo,
https://www.youtube.com/watch?v=qWFZc_kZmbA&pp=ygUZQ29zdGNvIFJvdGlzc2VyaWUgQ2hpY2tlbg%3D%3D,The Best Easiest ‚óè Homemade Chicken Soup !
https://www.youtube.com/shorts/5fCy6IDqOCc,
https://www.youtube.com/shorts/ABfZJRFjM94,
https://www.youtube.com/watch?v=68ntPPJE4BM&pp=ygUZQ29zdGNvIFJvdGlzc2VyaWUgQ2hpY2tlbg%3D%3D,Costco Rotisserie Chicken Leftover Recipe
https://www.youtube.com/watch?v=p7N_TLrfCg4&pp=ygUZQ29zdGNvIFJvdGlzc2VyaWUgQ2hpY2tlbg%3D%3D,Pre-packaged hand pulled rotisserie chicken breast meat from Costco | Chef Dawg Uncut
https://www.youtube.com/shorts/ihjYfizafEo,
https://www.youtube.com/watch?v=e-b209Mkyes&pp=ygUZQ29zdGNvIFJvdGlzc2VyaWUgQ2hpY2tlbg%3D%3D,"How To Make Bone Broth From Costco Rotisserie Chicken, Instant Pot. Pro Tip at The End : Daniels DIY"
https://www.youtube.com/watch?v=QMwsNngh_64&pp=ygUZQ29zdGNvIFJvdGlzc2VyaWUgQ2hpY2tlbg%3D%3D,5 of the BEST Recipes Using Rotisserie Chicken! | Quick & EASY Tasty Chicken Dinners | Julia Pacheco
https://www.youtube.com/shorts/goW2ApjPlMo,
https://www.youtube.com/shorts/GWQaZmZr-eU,
https://www.youtube.com/shorts/1ZpjL5H39F4,
https://www.youtube.com/watch?v=c1TaAJlpfQQ&pp=ygUZQ29zdGNvIFJvdGlzc2VyaWUgQ2hpY2tlbg%3D%3D,4 Plus Meals using One Costco Rotisserie Chicken|My Gambian Kitchen
https://www.youtube.com/watch?v=jw82h3vuR5k&pp=ygUZQ29zdGNvIFJvdGlzc2VyaWUgQ2hpY2tlbg%3D%3D,"""Cracking the Costco Rotisserie Chicken Recipe: My Copycat Version is Even Better!"""
https://www.youtube.com/watch?v=q336EXCMwhc&pp=ygUZQ29zdGNvIFJvdGlzc2VyaWUgQ2hpY2tlbg%3D%3D,TRY This Left Over Rotisserie Chicken Costco | Quick and Easy Chicken Salad Sandwich
https://www.youtube.com/watch?v=Lyc3q7KX42Q&pp=ygUZQ29zdGNvIFJvdGlzc2VyaWUgQ2hpY2tlbg%3D%3D,How Many Meals? Sam's Club Rotisserie Chicken - Meal Prep & Costco Caesar Salad Hack
https://www.youtube.com/watch?v=rvJ3dkLWXCM&pp=ygUZQ29zdGNvIFJvdGlzc2VyaWUgQ2hpY2tlbg%3D%3D,Kirkland Signature (Costco) Chicken Salad made with Rotisserie Chicken Review
https://www.youtube.com/watch?v=LiZttTCkxIQ&pp=ygUZQ29zdGNvIFJvdGlzc2VyaWUgQ2hpY2tlbg%3D%3D,Amazing Rotisserie Chicken Soup Recipe - The Best Chicken Soup Recipe in under 20 minutes Ya'Eat
https://www.youtube.com/watch?v=C1GfYe-P85M&pp=ygUZQ29zdGNvIFJvdGlzc2VyaWUgQ2hpY2tlbg%3D%3D,"COSTCO ROTISSERIE CHICKEN MUKBANG ""Chicks Silog"""
https://www.youtube.com/shorts/vlt2Kt_gwak,
https://www.youtube.com/watch?v=BTlMfcR2-X0&pp=ygUZQ29zdGNvIFJvdGlzc2VyaWUgQ2hpY2tlbg%3D%3D,Costco Rotisserie Chicken Fan Shares Why She‚Äôs ‚ÄúBoycotting the Bird‚Äù
https://www.youtube.com/watch?v=4bM0AEdV_FQ&pp=ygUZQ29zdGNvIFJvdGlzc2VyaWUgQ2hpY2tlbg%3D%3D,10 Grocery Store Rotisserie Chickens Ranked WORST to BEST
https://www.youtube.com/watch?v=8B8ysMLE5JM&pp=ygUZQ29zdGNvIFJvdGlzc2VyaWUgQ2hpY2tlbg%3D%3D,Bone Broth From Rotisserie Chicken
https://www.youtube.com/watch?v=dacRWyIowz8&pp=ygUZQ29zdGNvIFJvdGlzc2VyaWUgQ2hpY2tlbg%3D%3D,Homemade Costco Rotisserie Chicken Salad Sandwich - Cooking #94
https://www.youtube.com/watch?v=KzGxkPMiQjo&pp=ygUZQ29zdGNvIFJvdGlzc2VyaWUgQ2hpY2tlbg%3D%3D,Quick & Easy BBQ Chicken Sliders with Costco Rotisserie Chicken
https://www.youtube.com/watch?v=4d4jja2Ph5Q&pp=ygUZQ29zdGNvIFJvdGlzc2VyaWUgQ2hpY2tlbg%3D%3D,Fact or Fiction: Costco discontinuing rotisserie chickens?
https://www.youtube.com/watch?v=KfbaDdTn8fs&pp=ygUZQ29zdGNvIFJvdGlzc2VyaWUgQ2hpY2tlbg%3D%3D,2022 Costco Rotisserie Chicken again!
https://www.youtube.com/shorts/SZeC2WNFy1Q,
https://www.youtube.com/watch?v=8b7LsHyvkmA&pp=ygUZQ29zdGNvIFJvdGlzc2VyaWUgQ2hpY2tlbg%3D%3D,Costco ROTISSERIE CHICKEN vs HOT DOG COMBO. Which is better deal?
https://www.youtube.com/watch?v=4DwZSxtdHEY&pp=ygUZQ29zdGNvIFJvdGlzc2VyaWUgQ2hpY2tlbg%3D%3D,Reheating Rotisserie Chicken in the Air Fryer | How to Reheat Rotisserie Chicken
https://www.youtube.com/shorts/PQ-dsI5lX78,
https://www.youtube.com/shorts/plaAu0EPkU8,
https://www.youtube.com/watch?v=qX3T0Tm-460&pp=ygUZQ29zdGNvIFJvdGlzc2VyaWUgQ2hpY2tlbg%3D%3D,2 COSTCO ROTISSERIE CHICKEN CHALLENGE! EAT OFF | MUKBANG
https://www.youtube.com/watch?v=QQEJKomv69M&pp=ygUZQ29zdGNvIFJvdGlzc2VyaWUgQ2hpY2tlbg%3D%3D,HOW I AMPLIFY THE FLAVOR OF COSTCO'S ROTISSERIE CHICKEN
https://www.youtube.com/watch?v=U8zYVaqA_9o&pp=ygUZQ29zdGNvIFJvdGlzc2VyaWUgQ2hpY2tlbg%3D%3D,Freeze dried Costco rotisserie chicken for delicious quick meals!
https://www.youtube.com/watch?v=T62vhUOscqI&pp=ygUZQ29zdGNvIFJvdGlzc2VyaWUgQ2hpY2tlbg%3D%3D,Costco's NEW Rotisserie Chicken Recipe!!
https://www.youtube.com/shorts/AQBjAYYinZs,
https://www.youtube.com/watch?v=5DkXzXrCdDo&pp=ygUZQ29zdGNvIFJvdGlzc2VyaWUgQ2hpY2tlbg%3D%3D,How to cut and get the most out of your rotisserie chicken
https://www.youtube.com/watch?v=O5RxwM5PVN4&pp=ygUZQ29zdGNvIFJvdGlzc2VyaWUgQ2hpY2tlbg%3D%3D,Making Costco Rotisserie BEST Chicken Stock (easy)
https://www.youtube.com/shorts/5rCg2DCOCsU,
https://www.youtube.com/watch?v=QePKmJv3FmU&pp=ygUZQ29zdGNvIFJvdGlzc2VyaWUgQ2hpY2tlbg%3D%3D,JALAPE√ëO CHICKEN SALAD | Easy Recipe Using Costco Rotisserie Chicken | gluten & dairy free
https://www.youtube.com/shorts/dUEFr1MSe4E,
https://www.youtube.com/watch?v=Fw3PFw4WhG0&pp=ygUZQ29zdGNvIFJvdGlzc2VyaWUgQ2hpY2tlbg%3D%3D,Costco Sale Item Review Enchilada Bake With Rotisserie Chicken Taste Test Review Recommendation
https://www.youtube.com/watch?v=K5U8POlgwFE&pp=ygUZQ29zdGNvIFJvdGlzc2VyaWUgQ2hpY2tlbg%3D%3D,Kirkland Enchilada bake with rotisserie chicken | Costco food review!
https://www.youtube.com/watch?v=AN-nr6syaFE&pp=ygUZQ29zdGNvIFJvdGlzc2VyaWUgQ2hpY2tlbg%3D%3D,"Blowing up a Costco Rotisserie Chicken (Slow Mo, LOUD)"
https://www.youtube.com/watch?v=YIMjZDDRhI0&pp=ygUZQ29zdGNvIFJvdGlzc2VyaWUgQ2hpY2tlbg%3D%3D,Costco Asian Wrap Rotisserie Chicken
https://www.youtube.com/shorts/Cp4Qj52f-lE,
https://www.youtube.com/watch?v=Kx_jYJHE1Xw&pp=ygUZQ29zdGNvIFJvdGlzc2VyaWUgQ2hpY2tlbg%3D%3D,Shawarma made with leftover Costco Rotisserie Chicken üí•
https://www.youtube.com/shorts/S5Hjf0N7iVk,
https://www.youtube.com/shorts/UZCPCWsMTuY,
https://www.youtube.com/watch?v=SApKLGf57cs&pp=ygUZQ29zdGNvIFJvdGlzc2VyaWUgQ2hpY2tlbg%3D%3D,It's Hard To Beat The Value of Costco's Rotisserie Chicken!
https://www.youtube.com/shorts/3C-aj3lujLU,
https://www.youtube.com/shorts/Z1-uZwUwV34,
https://www.youtube.com/watch?v=Ftywuov8J7Y&pp=ygUZQ29zdGNvIFJvdGlzc2VyaWUgQ2hpY2tlbg%3D%3D,Chicken biryani made with store bought Rotisserie Chicken
https://www.youtube.com/watch?v=jsa78zHt9jg&pp=ygUZQ29zdGNvIFJvdGlzc2VyaWUgQ2hpY2tlbg%3D%3D,Making Spicy Chicken Noodles with The Famous Costco Rotisserie Chicken!
https://www.youtube.com/shorts/GAemclfzSYs,
https://www.youtube.com/watch?v=_Cs0VXw90hY&pp=ygUZQ29zdGNvIFJvdGlzc2VyaWUgQ2hpY2tlbg%3D%3D,Easy Costco Rotisserie Chicken Enchiladas
https://www.youtube.com/watch?v=4cbZSmyz9K0&pp=ygUZQ29zdGNvIFJvdGlzc2VyaWUgQ2hpY2tlbg%3D%3D,Why You Should Never Buy A Rotisserie Chicken From Walmart
https://www.youtube.com/shorts/bmeIayHzrZU,
https://www.youtube.com/shorts/7In9pfzNvfk,
https://www.youtube.com/watch?v=wYfcaSGBDDY&pp=ygUZQ29zdGNvIFJvdGlzc2VyaWUgQ2hpY2tlbg%3D%3D,How To Make An Easy & Delicious Costco Chicken Curry
https://www.youtube.com/shorts/9RFod900vGw,
https://www.youtube.com/shorts/s6tNrB7VMlA,
https://www.youtube.com/watch?v=tkwcoVQQGgU&pp=ygUZQ29zdGNvIFJvdGlzc2VyaWUgQ2hpY2tlbg%3D%3D,Costco rotisserie chicken
https://www.youtube.com/watch?v=txJaCPME71Q&pp=ygUZQ29zdGNvIFJvdGlzc2VyaWUgQ2hpY2tlbg%3D%3D,Why You Can't Pass Up The Costco Rotisserie Chicken!
https://www.youtube.com/shorts/xYKfD25gCdQ,
https://www.youtube.com/watch?v=VbgyD08APtc&pp=ygUZQ29zdGNvIFJvdGlzc2VyaWUgQ2hpY2tlbg%3D%3D,KETO CHICKEN BAKE! How to Make Costco Chicken Bake That's Only 4 NET CARBS!
https://www.youtube.com/watch?v=Ee8RVGXeo1Y&pp=ygUZQ29zdGNvIFJvdGlzc2VyaWUgQ2hpY2tlbg%3D%3D,Costco's Kirkland Signature Enchiladas | Chef Dawg
https://www.youtube.com/watch?v=Uoem-ksDpbo&pp=ygUZQ29zdGNvIFJvdGlzc2VyaWUgQ2hpY2tlbg%3D%3D,COSTCO ROTISSERIE CHICKEN MUKBANG
https://www.youtube.com/shorts/SeHd3XEGbok,
https://www.youtube.com/watch?v=_5E3Z2eefkA&pp=ygUZQ29zdGNvIFJvdGlzc2VyaWUgQ2hpY2tlbg%3D%3D,How to package freeze dried rotisserie chicken.
https://www.youtube.com/shorts/fD8lVliNcN0,
https://www.youtube.com/watch?v=-3xgFWAs9gw&pp=ygUZQ29zdGNvIFJvdGlzc2VyaWUgQ2hpY2tlbg%3D%3D,COSTCO ROTISSERIE CHICKEN and SALAD MUKBANG
https://www.youtube.com/watch?v=E5fG3yQ_zZ4&pp=ygUZQ29zdGNvIFJvdGlzc2VyaWUgQ2hpY2tlbg%3D%3D,how to make chicken stock from a rotisserie chicken at home in an instant pot | SAHM
https://www.youtube.com/shorts/Vvt-IrHJ2qQ,
https://www.youtube.com/watch?v=NO4TmoMu0VM&pp=ygUZQ29zdGNvIFJvdGlzc2VyaWUgQ2hpY2tlbg%3D%3D,Carving your Costco Rotisserie chicken by Paul Wittig
https://www.youtube.com/watch?v=BjnC7_7Aa5k&pp=ygUZQ29zdGNvIFJvdGlzc2VyaWUgQ2hpY2tlbg%3D%3D,ROTISSERIE CHICKEN BATTLE! (Costco vs. Ralphs)
https://www.youtube.com/watch?v=NyKNBhIJS6M&pp=ygUZQ29zdGNvIFJvdGlzc2VyaWUgQ2hpY2tlbg%3D%3D,Delicious Costco pulled rotisserie chicken stir fry
https://www.youtube.com/watch?v=jXRWJSkQOgg&pp=ygUZQ29zdGNvIFJvdGlzc2VyaWUgQ2hpY2tlbg%3D%3D,Canning Rotisserie Chicken/ Stocking The Pantry
https://www.youtube.com/watch?v=Kp2YYB2N5dE&pp=ygUZQ29zdGNvIFJvdGlzc2VyaWUgQ2hpY2tlbg%3D%3D,ASMR Costco Rotisserie Chicken Mukbang
https://www.youtube.com/shorts/rJK9rkwcQEE,
https://www.youtube.com/watch?v=LPHoq-P_iB8&pp=ygUZQ29zdGNvIFJvdGlzc2VyaWUgQ2hpY2tlbg%3D%3D,COSTCO ROTISSERIE CHICKEN CHALLENGE | EAT OFF | LOSER DOES 100 PUSH-UPS
https://www.youtube.com/watch?v=fLQ3jFguLII&pp=ygUZQ29zdGNvIFJvdGlzc2VyaWUgQ2hpY2tlbg%3D%3D,Reheat Rotisserie Chicken in the Oven Without Drying Out!
https://www.youtube.com/shorts/3YeUwQqrqu0,
https://www.youtube.com/watch?v=x-grbRZCfMQ&pp=ygUZQ29zdGNvIFJvdGlzc2VyaWUgQ2hpY2tlbg%3D%3D,COSTCO FOOD CHALLENGE FT PRO EATERS | 39LBS OF ROTISSERIE CHICKEN AND FRIES
https://www.youtube.com/watch?v=xxe1dDeW4FY&pp=ygUZQ29zdGNvIFJvdGlzc2VyaWUgQ2hpY2tlbg%3D%3D,HOLY Buckets Halal Rotisserie Chicken! HMS Certified! Halal Costco Rotisserie Style Chicken??
https://www.youtube.com/watch?v=AVCj2s5IGX8&pp=ygUZQ29zdGNvIFJvdGlzc2VyaWUgQ2hpY2tlbg%3D%3D,THE BUYER'S GUIDE TO ROTISSERIE CHICKEN | BEST CLIPS
https://www.youtube.com/watch?v=T8uWKXt8C_c&pp=ygUZQ29zdGNvIFJvdGlzc2VyaWUgQ2hpY2tlbg%3D%3D,8 minutes of my dog eating a Costco Rotisserie chicken.
https://www.youtube.com/watch?v=g7yecNZrVeU&pp=ygUZQ29zdGNvIFJvdGlzc2VyaWUgQ2hpY2tlbg%3D%3D,Delicious Chicken Noodle With Rosemary Using Costco Rotisserie Chicken
https://www.youtube.com/shorts/X8situv_4cw,
https://www.youtube.com/watch?v=JtLaaKSZmuE&pp=ygUZQ29zdGNvIFJvdGlzc2VyaWUgQ2hpY2tlbg%3D%3D,Is This Air Fryer Roast Chicken Better Than The Costco Rotisserie Chicken?
https://www.youtube.com/watch?v=aNMednOWW4c&pp=ygUZQ29zdGNvIFJvdGlzc2VyaWUgQ2hpY2tlbg%3D%3D,"Freeze Drying Your First 500 lbs of Food - Batch 25 - Chicken, Costco, Rotisserie"
https://www.youtube.com/watch?v=4bM0AEdV_FQ&pp=ygUZQ29zdGNvIFJvdGlzc2VyaWUgQ2hpY2tlbg%3D%3D,10 Grocery Store Rotisserie Chickens Ranked WORST to BEST
https://www.youtube.com/watch?v=8cg55m0nNIs&pp=ygUZQ29zdGNvIFJvdGlzc2VyaWUgQ2hpY2tlbg%3D%3D,Chicken Noodle Soup from Costco
https://www.youtube.com/watch?v=9bIOtAMd_As&pp=ygUZQ29zdGNvIFJvdGlzc2VyaWUgQ2hpY2tlbg%3D%3D,SIMPLE CHICKEN QUESADILLAS Made With Rotisserie Chicken
https://www.youtube.com/watch?v=zD0GiLipBvc&pp=ygUZQ29zdGNvIFJvdGlzc2VyaWUgQ2hpY2tlbg%3D%3D,How is the Costco Rotisserie Chicken? - Costco Rotisserie Chicken Review - with Hidden Perk
https://www.youtube.com/watch?v=LDzgu2aL9NI&pp=ygUZQ29zdGNvIFJvdGlzc2VyaWUgQ2hpY2tlbg%3D%3D,Costco Rotisserie Chicken
https://www.youtube.com/watch?v=QMwsNngh_64&pp=ygUZQ29zdGNvIFJvdGlzc2VyaWUgQ2hpY2tlbg%3D%3D,5 of the BEST Recipes Using Rotisserie Chicken! | Quick & EASY Tasty Chicken Dinners | Julia Pacheco
https://www.youtube.com/watch?v=JmfZoMJjHxc&pp=ygUZQ29zdGNvIFJvdGlzc2VyaWUgQ2hpY2tlbg%3D%3D,Chicken Salad Sandwich | Leftover Costco Rotisserie Chicken Recipe
https://www.youtube.com/watch?v=DiK2Rkaj9fo&pp=ygUZQ29zdGNvIFJvdGlzc2VyaWUgQ2hpY2tlbg%3D%3D,Costco Rotisserie Chicken And Cheese Bagels | Gay Family Mukbang (Î®πÎ∞©) - Eating Show
https://www.youtube.com/shorts/axc9dUloLfU,
https://www.youtube.com/watch?v=CdDsTdnAewY&pp=ygUZQ29zdGNvIFJvdGlzc2VyaWUgQ2hpY2tlbg%3D%3D,COSTCO ROASTED CHICKEN FEAST In LA! Juicy Rotisserie Chicken - Mukbang w/ Asmr Eating
https://www.youtube.com/shorts/myedDEEz6B0,
https://www.youtube.com/watch?v=5WBPT9fT0iU&pp=ygUZQ29zdGNvIFJvdGlzc2VyaWUgQ2hpY2tlbg%3D%3D,Costco Rotisserie Chicken
https://www.youtube.com/watch?v=O1IusTHQMPg&pp=ygUZQ29zdGNvIFJvdGlzc2VyaWUgQ2hpY2tlbg%3D%3D,Which Grocery Store Has The Best Rotisserie Chicken?
https://www.youtube.com/watch?v=p4AQY1BIg7g&pp=ygUZQ29zdGNvIFJvdGlzc2VyaWUgQ2hpY2tlbg%3D%3D,Costco Chicken Enchilada Taste Test and Review
https://www.youtube.com/watch?v=D0lOrRnM5as&pp=ygUZQ29zdGNvIFJvdGlzc2VyaWUgQ2hpY2tlbg%3D%3D,How to make PERFECT ROTISSERIE STYLE CHICKEN in the OVEN | Better Than Costco | Recipe for Real Life
https://www.youtube.com/watch?v=Gj8dR7pakoM&pp=ygUZQ29zdGNvIFJvdGlzc2VyaWUgQ2hpY2tlbg%3D%3D,Costco Rotisserie Chicken|Kirkland Signature|How to put tomato sauce on Pizza machine|Costco Pizza|
https://www.youtube.com/shorts/kIyUiW_Ph0M,
https://www.youtube.com/shorts/uS-nn7IYL6E,
https://www.youtube.com/watch?v=aqeShTCe0mI&pp=ygUZQ29zdGNvIFJvdGlzc2VyaWUgQ2hpY2tlbg%3D%3D,COOK WITH ME | green enchiladas + costco rotisserie chicken
https://www.youtube.com/shorts/PMrBn9Gl4MU,
https://www.youtube.com/shorts/l47Gt6noi9s,
https://www.youtube.com/watch?v=i9hPTjKHhKo&pp=ygUZQ29zdGNvIFJvdGlzc2VyaWUgQ2hpY2tlbg%3D%3D,Costco Rotisserie Chicken Review
https://www.youtube.com/watch?v=kZ9_TkXZgK0&pp=ygUZQ29zdGNvIFJvdGlzc2VyaWUgQ2hpY2tlbg%3D%3D,Costco Chicken Salad Copycat Recipe | Leftover Rotisserie Chicken
https://www.youtube.com/watch?v=M44saoqq8sI&pp=ygUZQ29zdGNvIFJvdGlzc2VyaWUgQ2hpY2tlbg%3D%3D,3 Lazy Keto Recipes Using a Rotisserie Chicken | Budget Recipes
https://www.youtube.com/watch?v=D23NBdUY1eg&pp=ygUZQ29zdGNvIFJvdGlzc2VyaWUgQ2hpY2tlbg%3D%3D,Best Oven Roasted Chicken Recipe | Better than Costco Rotisserie Chicken! A must try when so simple!
https://www.youtube.com/watch?v=U7odXi5U-U0&pp=ygUZQ29zdGNvIFJvdGlzc2VyaWUgQ2hpY2tlbg%3D%3D,Leftover Costco Rotisserie Chicken Soup Recipe: Tinolang Manok - Easy One Pot (Chicken Ginger Soup)
https://www.youtube.com/shorts/wSnHS81C-F4,
https://www.youtube.com/watch?v=tz8utecIP8k&pp=ygUZQ29zdGNvIFJvdGlzc2VyaWUgQ2hpY2tlbg%3D%3D,ASMR 1 COSTCO ROTISSERIE CHICKEN
https://www.youtube.com/shorts/QPA56RMfvko,
https://www.youtube.com/shorts/LgddttZX4p0,
https://www.youtube.com/shorts/jMxY3XtRxUk,
https://www.youtube.com/watch?v=Kfq_lEfzdhQ&pp=ygUZQ29zdGNvIFJvdGlzc2VyaWUgQ2hpY2tlbg%3D%3D,Costco rotisserie chicken
https://www.youtube.com/shorts/V6o8_vR3iRU,
https://www.youtube.com/watch?v=gFNTo77t3YE&pp=ygUZQ29zdGNvIFJvdGlzc2VyaWUgQ2hpY2tlbg%3D%3D,How to Make Gravy from a Rotisserie Chicken
https://www.youtube.com/watch?v=q336EXCMwhc&pp=ygUZQ29zdGNvIFJvdGlzc2VyaWUgQ2hpY2tlbg%3D%3D,TRY This Left Over Rotisserie Chicken Costco | Quick and Easy Chicken Salad Sandwich
https://www.youtube.com/watch?v=wSAMbAvt5uI&pp=ygUZQ29zdGNvIFJvdGlzc2VyaWUgQ2hpY2tlbg%3D%3D,ASMR Costco Rotisserie Chicken | Eating Sounds | Light Whispers | Nana Eats
https://www.youtube.com/watch?v=uqEcpw7pixk&pp=ygUZQ29zdGNvIFJvdGlzc2VyaWUgQ2hpY2tlbg%3D%3D,Costco Rotisserie Chicken Review Teaser
https://www.youtube.com/watch?v=O5RxwM5PVN4&pp=ygUZQ29zdGNvIFJvdGlzc2VyaWUgQ2hpY2tlbg%3D%3D,Making Costco Rotisserie BEST Chicken Stock (easy)
https://www.youtube.com/watch?v=xvYZtYO3HP4&pp=ygUZQ29zdGNvIFJvdGlzc2VyaWUgQ2hpY2tlbg%3D%3D,Eating Costco Asian Wrap with Rotisserie Chicken
https://www.youtube.com/watch?v=Zh8GcKXQOdU&pp=ygUZQ29zdGNvIFJvdGlzc2VyaWUgQ2hpY2tlbg%3D%3D,5 AMAZING Recipes Using ROTISSERIE CHICKEN | The FASTEST Easy Chicken Dinner Ideas | Julia Pacheco
https://www.youtube.com/watch?v=w0qNReJz0jg&pp=ygUZQ29zdGNvIFJvdGlzc2VyaWUgQ2hpY2tlbg%3D%3D,Costco Rotisserie Chicken and Bacon Wrap!
https://www.youtube.com/watch?v=qEgmc3LlOlo&pp=ygUZQ29zdGNvIFJvdGlzc2VyaWUgQ2hpY2tlbg%3D%3D,Costco Rotisserie chicken food review.
https://www.youtube.com/watch?v=Tm582dF1fS4&pp=ygUZQ29zdGNvIFJvdGlzc2VyaWUgQ2hpY2tlbg%3D%3D,COSTCO ROTISSERIE CHICKEN// Chicken SISIG with Chicharron and Egg
https://www.youtube.com/shorts/sENfHSbd-aU,
https://www.youtube.com/watch?v=51uc7Iy31l4&pp=ygUZQ29zdGNvIFJvdGlzc2VyaWUgQ2hpY2tlbg%3D%3D,Lechon Manok | Quick Lunch | COSTCO Rotisserie Chicken
https://www.youtube.com/watch?v=Ab0K0GSTNec&pp=ygUZQ29zdGNvIFJvdGlzc2VyaWUgQ2hpY2tlbg%3D%3D,ROTISSERIE CHICKEN DINNER IDEAS | 4 EXTREMELY FAST AND EASY DINNER RECIPES | Cook Clean And Repeat
https://www.youtube.com/watch?v=cT0HQ4hD-uY&pp=ygUZQ29zdGNvIFJvdGlzc2VyaWUgQ2hpY2tlbg%3D%3D,The Truth Behind Costco‚Äôs $5 Rotisserie Chicken || Hidden Ingredients In Rotisserie Chicken
https://www.youtube.com/shorts/vQl1_I0IbYU,
https://www.youtube.com/watch?v=u86x-AOjkDQ&pp=ygUZQ29zdGNvIFJvdGlzc2VyaWUgQ2hpY2tlbg%3D%3D,How to Carve Cut a COSTCO Rotisserie Chicken Like an EXPERT chef
https://www.youtube.com/shorts/_RPrCKENsDw,
https://www.youtube.com/shorts/iXhKnVi9kNI,
https://www.youtube.com/shorts/X3yLnrLYieE,
https://www.youtube.com/watch?v=6pLSr2BbnjQ&pp=ygUZQ29zdGNvIFJvdGlzc2VyaWUgQ2hpY2tlbg%3D%3D,THE FAMOUS COSTCO ROTISSERIE CHICKEN! | A Day Trip to Costco Japan
https://www.youtube.com/watch?v=LmAkSk0R1h0&pp=ygUZQ29zdGNvIFJvdGlzc2VyaWUgQ2hpY2tlbg%3D%3D,Pressure Canning A Rotisserie Chicken
https://www.youtube.com/watch?v=5XCApFEP8R0&pp=ygUZQ29zdGNvIFJvdGlzc2VyaWUgQ2hpY2tlbg%3D%3D,How to Can Left Over Rotisserie Chicken #Canning #Rotisserie_Chicken #Prepping #survivalism
https://www.youtube.com/watch?v=zyIjvytmhh0&pp=ygUZQ29zdGNvIFJvdGlzc2VyaWUgQ2hpY2tlbg%3D%3D,ROTISSERIE CHICKEN PHO GA RECIPE #shorts
https://www.youtube.com/watch?v=oPp-LOULNlg&pp=ygUZQ29zdGNvIFJvdGlzc2VyaWUgQ2hpY2tlbg%3D%3D,Giant Roasted Chicken Mukbang | Costco Rotisserie Chicken
https://www.youtube.com/watch?v=1azrIUXA99c&pp=ygUZQ29zdGNvIFJvdGlzc2VyaWUgQ2hpY2tlbg%3D%3D,Costco rotisserie chicken is back! LOL
https://www.youtube.com/watch?v=Dd2gtOAbFjY&pp=ygUZQ29zdGNvIFJvdGlzc2VyaWUgQ2hpY2tlbg%3D%3D,Rotisserie Chicken Fried Rice #costcorotisserie #costcochicken #Masarap #Yummy
https://www.youtube.com/watch?v=EOEK_hfwnAE&pp=ygUZQ29zdGNvIFJvdGlzc2VyaWUgQ2hpY2tlbg%3D%3D,"""Costco Exposed"" campaign uses undercover video from local farm that supplies Fremont chicken plant"
https://www.youtube.com/shorts/MzhWeWZ4uhE,
https://www.youtube.com/watch?v=JKU7KPR8Zjg&pp=ygUZQ29zdGNvIFJvdGlzc2VyaWUgQ2hpY2tlbg%3D%3D,Filipino Style Chicken Salad Using Costco Rotisserie Chicken
https://www.youtube.com/watch?v=9pAvRsu6dqk&pp=ygUZQ29zdGNvIFJvdGlzc2VyaWUgQ2hpY2tlbg%3D%3D,Schnauzer Eats Costco Rotisserie Chicken
https://www.youtube.com/watch?v=q8j4GDzweJc&pp=ygUZQ29zdGNvIFJvdGlzc2VyaWUgQ2hpY2tlbg%3D%3D,Costco Rotisserie Chicken Dinner Part 1 #Meal on a budget
https://www.youtube.com/shorts/oy1j-eO3zz4,
https://www.youtube.com/watch?v=w4h3ez_0CNs&pp=ygUZQ29zdGNvIFJvdGlzc2VyaWUgQ2hpY2tlbg%3D%3D,Chicken Fried Rice with Lemon Grass Using Costco Rotisserie Chicken
https://www.youtube.com/shorts/iKwr0pTc-4A,
https://www.youtube.com/watch?v=eecGr1hzQYE&pp=ygUZQ29zdGNvIFJvdGlzc2VyaWUgQ2hpY2tlbg%3D%3D,how to not eat a costco rotisserie chicken
https://www.youtube.com/shorts/BqhxISQXZrU,
https://www.youtube.com/watch?v=HwexwHr_l1E&pp=ygUZQ29zdGNvIFJvdGlzc2VyaWUgQ2hpY2tlbg%3D%3D,Costco Rotisserie Chicken Salad Hack
https://www.youtube.com/watch?v=BQ22U_AYBxA&pp=ygUZQ29zdGNvIFJvdGlzc2VyaWUgQ2hpY2tlbg%3D%3D,Costco Rotisserie Chicken RETRACTION
https://www.youtube.com/watch?v=lpIVeb6NSzE&pp=ygUZQ29zdGNvIFJvdGlzc2VyaWUgQ2hpY2tlbg%3D%3D,Chicken and Shrimp Spring Roll | Costco Rotisserie Chicken Recipe
https://www.youtube.com/watch?v=burYvjbIRKg&pp=ygUZQ29zdGNvIFJvdGlzc2VyaWUgQ2hpY2tlbg%3D%3D,LECHON MANOK PAKSIW || COSTCO ROTISSERIE CHICKEN
https://www.youtube.com/watch?v=GQiVBes6HNY&pp=ygUZQ29zdGNvIFJvdGlzc2VyaWUgQ2hpY2tlbg%3D%3D,Whole Costco Rotisserie Chicken ‚Ä¢ MUKBANG
https://www.youtube.com/watch?v=wmN3lCkCGQk&pp=ygUZQ29zdGNvIFJvdGlzc2VyaWUgQ2hpY2tlbg%3D%3D,Instant Pot Rotisserie Chicken Noodle Soup
https://www.youtube.com/watch?v=MVlARzvwUw0&pp=ygUZQ29zdGNvIFJvdGlzc2VyaWUgQ2hpY2tlbg%3D%3D,ASMR Whole COSTCO Rotisserie CHICKEN (NO TALKING) *SAVAGE EATING (HOMEMADE CHICKEN) | TBAR-ASMR
https://www.youtube.com/shorts/X0Bk1101deA,
https://www.youtube.com/watch?v=IdbrzHXT2B4&pp=ygUZQ29zdGNvIFJvdGlzc2VyaWUgQ2hpY2tlbg%3D%3D,Creamy Garlic Mushroom Chicken Pasta |Leftover Costco Rotisserie Chicken Recipe
https://www.youtube.com/shorts/hkTPMvhFJjQ,
https://www.youtube.com/shorts/NJ3MDNjGhgo,
https://www.youtube.com/shorts/lVRG5B2K-1M,
https://www.youtube.com/watch?v=LhZiWCiqYdw&pp=ygUZQ29zdGNvIFJvdGlzc2VyaWUgQ2hpY2tlbg%3D%3D,Costco Rotisserie Chicken Leftover Recipe - Chicken Adobo (Adobong Manok) Braised Chicken
https://www.youtube.com/watch?v=PV13ay4gxc0&pp=ygUZQ29zdGNvIFJvdGlzc2VyaWUgQ2hpY2tlbg%3D%3D,üêì What to do with that COSTCO CHICKEN - Douglas Demos
https://www.youtube.com/shorts/o1bVGh38Xso,
https://www.youtube.com/watch?v=wAmi7RXuOx0&pp=ygUZQ29zdGNvIFJvdGlzc2VyaWUgQ2hpY2tlbg%3D%3D,costco rotisserie chicken
https://www.youtube.com/watch?v=Rv9JKLhY5oE&pp=ygUZQ29zdGNvIFJvdGlzc2VyaWUgQ2hpY2tlbg%3D%3D,Homemade Chicken Pot Pie Recipe with Costco's Rotisserie Chicken
https://www.youtube.com/watch?v=1HpkmVOwFPs&pp=ygUZQ29zdGNvIFJvdGlzc2VyaWUgQ2hpY2tlbg%3D%3D,Fresh Take Costco‚Äôs Rotisserie Chicken Supply Is At Risk Why Food Should
https://www.youtube.com/watch?v=0jcRHiofGOM&pp=ygUZQ29zdGNvIFJvdGlzc2VyaWUgQ2hpY2tlbg%3D%3D,Crockpot Rotisserie Chicken (move over Costco and Sam's)
https://www.youtube.com/shorts/BQNt_yvvqMc,
https://www.youtube.com/watch?v=DNkrYMWyGfE&pp=ygUZQ29zdGNvIFJvdGlzc2VyaWUgQ2hpY2tlbg%3D%3D,How to Freeze Dry COSTCO ROTISSERIE CHICKEN! Step-by-step process with bonus DINNER RECIPE!
https://www.youtube.com/shorts/ajwnhoa-IBQ,
https://www.youtube.com/shorts/rH6TmiHrvfA,
https://www.youtube.com/watch?v=L3dEKS9yYSc&pp=ygUZQ29zdGNvIFJvdGlzc2VyaWUgQ2hpY2tlbg%3D%3D,Homemade Chicken Broth from Leftover Rotisserie Chicken| Costco Rotisserie Chicken Bone Broth
https://www.youtube.com/shorts/dvGe1IeGFCg,
https://www.youtube.com/watch?v=2rAD2H54xvw&pp=ygUZQ29zdGNvIFJvdGlzc2VyaWUgQ2hpY2tlbg%3D%3D,Quick & Easy Creamy Costco Rotisserie Chicken Pasta Recipe
https://www.youtube.com/watch?v=TPGDi1pm8Nk&pp=ygUZQ29zdGNvIFJvdGlzc2VyaWUgQ2hpY2tlbg%3D%3D,YTP Joey Goes Gobble Gobble For Costco Rotisserie Chicken
https://www.youtube.com/watch?v=5G2Lk-y1TKk&pp=ygUZQ29zdGNvIFJvdGlzc2VyaWUgQ2hpY2tlbg%3D%3D,COSTCO ROTISSERIE CHICKEN watch me eat with my hands
https://www.youtube.com/watch?v=Kegizge1p2s&pp=ygUZQ29zdGNvIFJvdGlzc2VyaWUgQ2hpY2tlbg%3D%3D,How to make 4 meals & Chicken stock from a $5 Costco chicken Part 1
https://www.youtube.com/watch?v=JVUJdos2T4E&pp=ygUZQ29zdGNvIFJvdGlzc2VyaWUgQ2hpY2tlbg%3D%3D,"Freeze dried COSTCO // Rotisserie Chicken, Pumpkin Pie, Lasagna, Mushrooms, Olives"
https://www.youtube.com/shorts/AD_HEyl8xSI,
https://www.youtube.com/shorts/f6nCkwESBjA,
https://www.youtube.com/watch?v=o8CVG_j9w60&pp=ygUZQ29zdGNvIFJvdGlzc2VyaWUgQ2hpY2tlbg%3D%3D,costco rotisserie chicken tikki
https://www.youtube.com/shorts/g_tqpz0NYuA,
https://www.youtube.com/shorts/WrpWNA5mEX8,
https://www.youtube.com/watch?v=y6uB4EWiOns&pp=ygUZQ29zdGNvIFJvdGlzc2VyaWUgQ2hpY2tlbg%3D%3D,Recycled Chicken Adobo (Costco‚Äôs Roasted Chicken nilutong Pa-Adobo)
https://www.youtube.com/watch?v=PEki-DfUXcE&pp=ygUZQ29zdGNvIFJvdGlzc2VyaWUgQ2hpY2tlbg%3D%3D,Rotisserie chicken at the back of Costco
https://www.youtube.com/watch?v=OVP1piLZ9XQ&pp=ygUZQ29zdGNvIFJvdGlzc2VyaWUgQ2hpY2tlbg%3D%3D,Why You Should Absolutely Never Buy Poultry From Costco
https://www.youtube.com/watch?v=U8zYVaqA_9o&pp=ygUZQ29zdGNvIFJvdGlzc2VyaWUgQ2hpY2tlbg%3D%3D,Freeze dried Costco rotisserie chicken for delicious quick meals!
https://www.youtube.com/watch?v=Mdh5qStQWd0&pp=ygUZQ29zdGNvIFJvdGlzc2VyaWUgQ2hpY2tlbg%3D%3D,Costco Rotisserie Chicken Challenge
https://www.youtube.com/watch?v=8jeNCiJCDSA&pp=ygUZQ29zdGNvIFJvdGlzc2VyaWUgQ2hpY2tlbg%3D%3D,MUKBANG - Costco Rotisserie Chicken! So good!
https://www.youtube.com/shorts/k89OcGeRXWI,
https://www.youtube.com/watch?v=GgGKoo6YpoA&pp=ygUZQ29zdGNvIFJvdGlzc2VyaWUgQ2hpY2tlbg%3D%3D,Appetizer - Asian Spicy Marinated Chicken from $5 Costco Rotisserie Chicken
https://www.youtube.com/shorts/WgXMBpNyVKU,
https://www.youtube.com/watch?v=6mdcP1q_AAE&pp=ygUZQ29zdGNvIFJvdGlzc2VyaWUgQ2hpY2tlbg%3D%3D,COSTCO GROCERY HAUL & MUKBANG ‚Ä¢ Trying COSTCO Rotisserie Chicken for the FIRST TIME ‚Ä¢ I spent $700?!
https://www.youtube.com/watch?v=J9hqtbFqiEo&pp=ygUZQ29zdGNvIFJvdGlzc2VyaWUgQ2hpY2tlbg%3D%3D,Meal Prep With a Rotisserie Chicken so You Don't Have to Cook | Teriyaki Rotisserie Chicken Bowls
https://www.youtube.com/shorts/muTF1JLD75E,
https://www.youtube.com/watch?v=I0BmUhbTHRQ&pp=ygUZQ29zdGNvIFJvdGlzc2VyaWUgQ2hpY2tlbg%3D%3D,COSTCO ROTISSERIE CHICKEN CHALLENGE
https://www.youtube.com/shorts/pxYJQqTXHH8,
https://www.youtube.com/shorts/4x4WuPuC8S8,
https://www.youtube.com/watch?v=pHOSex0Atmw&pp=ygUZQ29zdGNvIFJvdGlzc2VyaWUgQ2hpY2tlbg%3D%3D,How Many Costco Rotisserie Chickens Can I Eat In An Hour? [Feast Challenge]
https://www.youtube.com/shorts/F3-1U8Oba0k,
https://www.youtube.com/shorts/C1HWiIxSxUs,
https://www.youtube.com/shorts/Ro2ukAGjpGI,
https://www.youtube.com/watch?v=oC6o_VJSi8w&pp=ygUZQ29zdGNvIFJvdGlzc2VyaWUgQ2hpY2tlbg%3D%3D,Cook the Costco rotisserie Chicken and the eggplant this way the result is amazing. Easy to make.
https://www.youtube.com/shorts/M5oGlgB7vbY,
https://www.youtube.com/shorts/VqWvq1LbiIg,
https://www.youtube.com/watch?v=5P4aE9V7594&pp=ygUZQ29zdGNvIFJvdGlzc2VyaWUgQ2hpY2tlbg%3D%3D,Kirkland Signature (Costco) Greek Pasta with Rotisserie Chicken & Dressing Review
https://www.youtube.com/watch?v=OAl4iaITI8E&pp=ygUZQ29zdGNvIFJvdGlzc2VyaWUgQ2hpY2tlbg%3D%3D,Look What You Can Make with - COSTCO Rotisserie Chicken
https://www.youtube.com/watch?v=e-b209Mkyes&pp=ygUZQ29zdGNvIFJvdGlzc2VyaWUgQ2hpY2tlbg%3D%3D,"How To Make Bone Broth From Costco Rotisserie Chicken, Instant Pot. Pro Tip at The End : Daniels DIY"
https://www.youtube.com/watch?v=M9MXmr4Qr24&pp=ygUZQ29zdGNvIFJvdGlzc2VyaWUgQ2hpY2tlbg%3D%3D,i gave a costco rotisserie chicken to stray cats
https://www.youtube.com/watch?v=6d8B7RAx_CE&pp=ygUZQ29zdGNvIFJvdGlzc2VyaWUgQ2hpY2tlbg%3D%3D,How to make simple delicious noodles soup with Costco rotisserie chicken. #retiredsam‚Äôslife
https://www.youtube.com/watch?v=V_lcuKmsrEM&pp=ygUZQ29zdGNvIFJvdGlzc2VyaWUgQ2hpY2tlbg%3D%3D,4 Easy Ways to Meal Prep Rotisserie Chicken | Healthy Recipes | Lunch | Dinner | Costco Chicken
https://www.youtube.com/shorts/_8r18slLVbU,
https://www.youtube.com/shorts/HHEerth87bs,
https://www.youtube.com/shorts/i7V5z0r-Mng,
https://www.youtube.com/watch?v=0a77xedvPDw&pp=ygUZQ29zdGNvIFJvdGlzc2VyaWUgQ2hpY2tlbg%3D%3D,Chicken Ramen Using Costco Rotisserie Chicken
https://www.youtube.com/watch?v=552gAuQsiq0&pp=ygUZQ29zdGNvIFJvdGlzc2VyaWUgQ2hpY2tlbg%3D%3D,"Kickin Chicken Corn Chowder Recipe - Costco Rotisserie Chicken - Bulk Buy, Batch Cook, Portion Pack"
https://www.youtube.com/watch?v=k2kfSwVBsu8&pp=ygUZQ29zdGNvIFJvdGlzc2VyaWUgQ2hpY2tlbg%3D%3D,How to breakdown a Costco / BJ‚ÄôS / Sam‚Äôs Club Rotisserie Chicken
https://www.youtube.com/watch?v=ZziwFyLFrZE&pp=ygUZQ29zdGNvIFJvdGlzc2VyaWUgQ2hpY2tlbg%3D%3D,Costco's Enchilada Bake with Rotisserie Chicken
https://www.youtube.com/watch?v=jY6MtX0KT1E&pp=ygUZQ29zdGNvIFJvdGlzc2VyaWUgQ2hpY2tlbg%3D%3D,Costco Rotisserie Chicken Salad Warning
https://www.youtube.com/watch?v=PXlSkQzOfOU&pp=ygUZQ29zdGNvIFJvdGlzc2VyaWUgQ2hpY2tlbg%3D%3D,Chicken Bones to Bone Broth (Even from a rotisserie chicken!)
https://www.youtube.com/watch?v=gx7ejxfx6zc&pp=ygUZQ29zdGNvIFJvdGlzc2VyaWUgQ2hpY2tlbg%3D%3D,Flavorful Shredded Chicken with Lime Leaves: A Creative Costco Rotisserie Chicken Leftover Recipe
https://www.youtube.com/shorts/qleGM9VRqqY,
https://www.youtube.com/watch?v=oxCZTV8VHb4&pp=ygUZQ29zdGNvIFJvdGlzc2VyaWUgQ2hpY2tlbg%3D%3D,Make bone broth using Costco rotisserie chicken for your pet
https://www.youtube.com/watch?v=GfwAb1t31SE&pp=ygUZQ29zdGNvIFJvdGlzc2VyaWUgQ2hpY2tlbg%3D%3D,eating a costco rotisserie chicken in one sitting
https://www.youtube.com/watch?v=kEVq_ApswKU&pp=ygUZQ29zdGNvIFJvdGlzc2VyaWUgQ2hpY2tlbg%3D%3D,Costco Yakisoba Noodles With Rotisserie Chicken Review
https://www.youtube.com/watch?v=-OI099RtbF8&pp=ygUZQ29zdGNvIFJvdGlzc2VyaWUgQ2hpY2tlbg%3D%3D,Costco Rotisserie Chicken hack! Get 3 separate sets of meals from 1 $5 chicken.
https://www.youtube.com/watch?v=6lTVe6maGqw&pp=ygUZQ29zdGNvIFJvdGlzc2VyaWUgQ2hpY2tlbg%3D%3D,I Try Costco's $4 Rotisserie Chicken
https://www.youtube.com/watch?v=o_oMxyoftYw&pp=ygUZQ29zdGNvIFJvdGlzc2VyaWUgQ2hpY2tlbg%3D%3D,COSTCO ROTISSERIE CHICKEN WITH GRAVY | MUKBANG PHILIPPINES | WITH @AkisASMR
https://www.youtube.com/watch?v=BdNGWQdSlTQ&pp=ygUZQ29zdGNvIFJvdGlzc2VyaWUgQ2hpY2tlbg%3D%3D,"Chopped Chicken Salad, Ham & Manchego Cheese Sandwich, Costco Rotisserie Chicken Leftovers Vlog!"
https://www.youtube.com/watch?v=osfsSG2nALE&pp=ygUZQ29zdGNvIFJvdGlzc2VyaWUgQ2hpY2tlbg%3D%3D,Costco Chicken Enchiladas Review
https://www.youtube.com/watch?v=VSEWycpogPk&pp=ygUZQ29zdGNvIFJvdGlzc2VyaWUgQ2hpY2tlbg%3D%3D,Leaving Dog Alone With WHOLE Chicken Rotisserie [Costco] | Leave it Challenge | Bernese Mountain Dog
https://www.youtube.com/shorts/m9ziMT9f2XQ,
https://www.youtube.com/shorts/A6ShTlIn62c,
https://www.youtube.com/shorts/zjWahvDRV7A,
https://www.youtube.com/watch?v=KgvwYYskOFY&pp=ygUZQ29zdGNvIFJvdGlzc2VyaWUgQ2hpY2tlbg%3D%3D,WARNING: When going to Costco for Rotisserie Chicken//Bad for your bank account!/
https://www.youtube.com/shorts/bMTTSX6HEDI,
https://www.youtube.com/watch?v=SH-5CLtzwsY&pp=ygUZQ29zdGNvIFJvdGlzc2VyaWUgQ2hpY2tlbg%3D%3D,Kirkland Signature (Costco) Roasted Chicken Sandwich & Caesar Salad Review
https://www.youtube.com/watch?v=_37VQrNS6fE&pp=ygUZQ29zdGNvIFJvdGlzc2VyaWUgQ2hpY2tlbg%3D%3D,Can You get A Rotisserie Chicken At The New Shanghai Costco?
https://www.youtube.com/watch?v=k0eTiejt7Ug&pp=ygUZQ29zdGNvIFJvdGlzc2VyaWUgQ2hpY2tlbg%3D%3D,Costco‚Äôs Magic Chicken
https://www.youtube.com/shorts/z8Rkpx5C3pE,
https://www.youtube.com/watch?v=0d_9SJta5go&pp=ygUZQ29zdGNvIFJvdGlzc2VyaWUgQ2hpY2tlbg%3D%3D,How to can rotisserie chicken
https://www.youtube.com/watch?v=gnUen7qsDEE&pp=ygUZQ29zdGNvIFJvdGlzc2VyaWUgQ2hpY2tlbg%3D%3D,Koko vs Costco Rotisserie Chicken
https://www.youtube.com/shorts/gMb98ZAYTK0,
https://www.youtube.com/shorts/OMGUHUfXulo,
https://www.youtube.com/shorts/sl6YBL0I_bY,
https://www.youtube.com/watch?v=Xj4fywDmw8U&pp=ygUZQ29zdGNvIFJvdGlzc2VyaWUgQ2hpY2tlbg%3D%3D,Costco Day Old 3/2 Rotisserie Chicken $5.99 and Ribs for 4.99/lb. 20% and 33% savings. Cheap.
https://www.youtube.com/watch?v=dBiw4Ohaz10&pp=ygUZQ29zdGNvIFJvdGlzc2VyaWUgQ2hpY2tlbg%3D%3D,Costco rotisserie Chicken review
https://www.youtube.com/watch?v=Y4loD9V3-H0&pp=ygUZQ29zdGNvIFJvdGlzc2VyaWUgQ2hpY2tlbg%3D%3D,Whole Rotisserie Chicken ‚Ä¢ Savage Eating Sounds ‚Ä¢ MUKBANG
https://www.youtube.com/watch?v=2AJFVWVyO70&pp=ygUZQ29zdGNvIFJvdGlzc2VyaWUgQ2hpY2tlbg%3D%3D,Eats Joaqui! - Costco Rotisserie Chicken
https://www.youtube.com/watch?v=T_rLMVRNrZI&pp=ygUZQ29zdGNvIFJvdGlzc2VyaWUgQ2hpY2tlbg%3D%3D,Dr. Hungry: JUICY AND TENDER Costco Rotisserie Chicken Mukbang W/ Chinese Eggplant Dish
https://www.youtube.com/watch?v=u0kaU-Im6hc&pp=ygUZQ29zdGNvIFJvdGlzc2VyaWUgQ2hpY2tlbg%3D%3D,Hunt your own Costco rotisserie chicken night
https://www.youtube.com/watch?v=Iriwazvw2hw&pp=ygUZQ29zdGNvIFJvdGlzc2VyaWUgQ2hpY2tlbg%3D%3D,"I Freeze Dried and Rehydrate BBQ Pulled Pork, Costco Rotisserie Chicken, Cauliflower And Fig Cake."
https://www.youtube.com/shorts/BbuLIAGMAcI,
https://www.youtube.com/watch?v=fyb2sc_uap4&pp=ygUZQ29zdGNvIFJvdGlzc2VyaWUgQ2hpY2tlbg%3D%3D,How to Cook | Lechon Manok Paksiw | Costco's rotisserie chicken [Taiwan Vlog]
https://www.youtube.com/watch?v=sSB5R4f707w&pp=ygUZQ29zdGNvIFJvdGlzc2VyaWUgQ2hpY2tlbg%3D%3D,Best Rotisserie Chicken I've Ever Made | Better Than Costco #fyp
https://www.youtube.com/watch?v=MGaWZLmBkSQ&pp=ygUZQ29zdGNvIFJvdGlzc2VyaWUgQ2hpY2tlbg%3D%3D,Costco's Famous Rotisserie Chicken
https://www.youtube.com/watch?v=MoxHQL48zhc&pp=ygUZQ29zdGNvIFJvdGlzc2VyaWUgQ2hpY2tlbg%3D%3D,E. coli in seven states linked to Costco chicken salad
https://www.youtube.com/watch?v=TqGBcEeHcFk&pp=ygUZQ29zdGNvIFJvdGlzc2VyaWUgQ2hpY2tlbg%3D%3D,Spiceology X Costco Haul: Smoky Honey Habanero Rotisserie Chicken Pesto Sandwich Recipe
https://www.youtube.com/watch?v=KgdN3MXmxtI&pp=ygUZQ29zdGNvIFJvdGlzc2VyaWUgQ2hpY2tlbg%3D%3D,COSTCO ROTISSERIE CHICKEN & CAESAR SALAD | What‚Äôs for Dinner? PHILLIPS FamBam
https://www.youtube.com/watch?v=6or5nvc3dQQ&pp=ygUZQ29zdGNvIFJvdGlzc2VyaWUgQ2hpY2tlbg%3D%3D,What do you eat at Costco? The WHOLE rotisserie chicken???!!! Jive Guys #02
https://www.youtube.com/watch?v=Uv_iXU9woFA&pp=ygUZQ29zdGNvIFJvdGlzc2VyaWUgQ2hpY2tlbg%3D%3D,Eating Costco Rotisserie Chicken Carcass
https://www.youtube.com/watch?v=O5JVZl2AZX0&pp=ygUZQ29zdGNvIFJvdGlzc2VyaWUgQ2hpY2tlbg%3D%3D,COSTCO rotisserie chicken pickup turns to entrepreneur rant üò° | ‚òÉÔ∏è‚ùÑÔ∏è VLOGMAS DAY 3‚ùÑÔ∏è‚òÉÔ∏è
https://www.youtube.com/shorts/ighM4rDGwN8,
https://www.youtube.com/shorts/5F_lJmcCkDU,
https://www.youtube.com/watch?v=jHN94yRkE1E&pp=ygUZQ29zdGNvIFJvdGlzc2VyaWUgQ2hpY2tlbg%3D%3D,"THANKSGIVING FEAST MUKBANG! Turkey Stuffing, Costco Rotisserie Chicken, Mash Potatoes - Asmr Eating"
https://www.youtube.com/shorts/-Vt9Ha2LOVY,
https://www.youtube.com/shorts/KDMmGEijoPg,
https://www.youtube.com/watch?v=GX-Ft17YcOE&pp=ygUZQ29zdGNvIFJvdGlzc2VyaWUgQ2hpY2tlbg%3D%3D,I will NEVER üëéüèΩ Buy a Costco Rotisserie Chicken üçó no wonder it‚Äôs $5
https://www.youtube.com/watch?v=hBLAnh1CuS4&pp=ygUZQ29zdGNvIFJvdGlzc2VyaWUgQ2hpY2tlbg%3D%3D,Costco's BEST Rotisserie Chicken Lunch Ideaüí°
https://www.youtube.com/shorts/KRIFQHZ5xwM,
https://www.youtube.com/watch?v=pXC_xfT2TMI&pp=ygUZQ29zdGNvIFJvdGlzc2VyaWUgQ2hpY2tlbg%3D%3D,How to Break Down a Rotisserie Chicken & Easily Shred the Chicken
https://www.youtube.com/watch?v=d3fAB-sYLKE&pp=ygUZQ29zdGNvIFJvdGlzc2VyaWUgQ2hpY2tlbg%3D%3D,Kirkland Signature Seasoned Rotisserie Chicken and Roasted Garlic Chicken Legs (Costco Food Review)
https://www.youtube.com/watch?v=NwFfszWvvMc&pp=ygUZQ29zdGNvIFJvdGlzc2VyaWUgQ2hpY2tlbg%3D%3D,Costco's Rotisserie Chicken in 2014
https://www.youtube.com/watch?v=uD0rYfm24lg&pp=ygUZQ29zdGNvIFJvdGlzc2VyaWUgQ2hpY2tlbg%3D%3D,Costco Rotisserie Chicken Review - $4.99 Deal Kirkland Signature Brand Unwrapping #foodreview
https://www.youtube.com/watch?v=_9frGphKc1s&pp=ygUZQ29zdGNvIFJvdGlzc2VyaWUgQ2hpY2tlbg%3D%3D,DON'T THROW THIS AWAY! | Ping Pong Mama's Costco Rotisserie Chicken Broth
https://www.youtube.com/watch?v=OpltwjDgGos&pp=ygUZQ29zdGNvIFJvdGlzc2VyaWUgQ2hpY2tlbg%3D%3D,TRYING COSTCO ROTISSERIE CHICKEN MUKBANG || GONE WRONG
https://www.youtube.com/shorts/vvM9tCHmEGE,
https://www.youtube.com/watch?v=kQorPcgdY6I&pp=ygUZQ29zdGNvIFJvdGlzc2VyaWUgQ2hpY2tlbg%3D%3D,How to make KETO Rotisserie Chicken Salad
https://www.youtube.com/watch?v=d3INtsqNnkI&pp=ygUZQ29zdGNvIFJvdGlzc2VyaWUgQ2hpY2tlbg%3D%3D,Leftover Rotisserie Chicken Waldorf Salad/Sandwich/Costco rotisserie chicken
https://www.youtube.com/watch?v=R14Exr1-DMM&pp=ygUZQ29zdGNvIFJvdGlzc2VyaWUgQ2hpY2tlbg%3D%3D,Sur La Table Air Fryer From Costco Black Friday Sale First Review
https://www.youtube.com/watch?v=AZN1cj-t3Vk&pp=ygUZQ29zdGNvIFJvdGlzc2VyaWUgQ2hpY2tlbg%3D%3D,"Costco Rotisserie Chicken, salad and shrimp ASMR"
https://www.youtube.com/shorts/hViqyrMQibY,
https://www.youtube.com/shorts/vkGLZjWeiBQ,
https://www.youtube.com/watch?v=KtUjE0Wzf2c&pp=ygUZQ29zdGNvIFJvdGlzc2VyaWUgQ2hpY2tlbg%3D%3D,"Costco rotisserie chicken for 3 meals, lunch box done| CostcoÁÉ§È∏°‰∏ÄÈ∏°Â§öÂêÉÔºåÊêûÂÆö‰∏âÈ°øÈ•≠ÔºåËÄÅÂÖ¨Â≠©Â≠êÂ∏¶È•≠ÈÉΩ‰∏çÊÑÅÔºÅ"
https://www.youtube.com/watch?v=saGrn__LrcM&pp=ygUZQ29zdGNvIFJvdGlzc2VyaWUgQ2hpY2tlbg%3D%3D,Costco New Zealand Food Court Food and Rotisserie Chicken Review
https://www.youtube.com/shorts/gytTtKYu8PI,
https://www.youtube.com/watch?v=Ixtd8F8sE5Q&pp=ygUZQ29zdGNvIFJvdGlzc2VyaWUgQ2hpY2tlbg%3D%3D,vlog | Easy Farfalle Pasta Recipeüçù using Leftover Costco Rotisserie Chicken üçó
https://www.youtube.com/watch?v=VcQADGWb2XY&pp=ygUZQ29zdGNvIFJvdGlzc2VyaWUgQ2hpY2tlbg%3D%3D,$5 Rotisserie Chicken from Costco
https://www.youtube.com/watch?v=yqiSZpGkajE&pp=ygUZQ29zdGNvIFJvdGlzc2VyaWUgQ2hpY2tlbg%3D%3D,SOFT TINGLY ASMR SOUNDS - COSTCO ROTISSERIE CHICKEN (EATING SOUNDS)
https://www.youtube.com/shorts/6kRL8hheQxE,
https://www.youtube.com/watch?v=6AiyOzVBFqc&pp=ygUZQ29zdGNvIFJvdGlzc2VyaWUgQ2hpY2tlbg%3D%3D,Vlog cooking leftover Costco Rotisserie Chicken - Frying it with spices (Cooking Vlog)
https://www.youtube.com/watch?v=qZJjjUf3R3Y&pp=ygUZQ29zdGNvIFJvdGlzc2VyaWUgQ2hpY2tlbg%3D%3D,Asmr/Muckbang Costco Whole Rotisserie Chicken.
https://www.youtube.com/shorts/UzG908BO2h4,
https://www.youtube.com/watch?v=Hm7XSgsMsHA&pp=ygUZQ29zdGNvIFJvdGlzc2VyaWUgQ2hpY2tlbg%3D%3D,Bone Broth Recipe from Costco Rotisserie Chicken
https://www.youtube.com/shorts/RkVtSw3wl6A,
https://www.youtube.com/watch?v=WwMOiz9FqqU&pp=ygUZQ29zdGNvIFJvdGlzc2VyaWUgQ2hpY2tlbg%3D%3D,Can I Speed Eat a Costco Entire Rotisserie Chicken - and more!
https://www.youtube.com/shorts/8hy3e3pAWC8,
https://www.youtube.com/watch?v=RVYFkjj6QgQ&pp=ygUZQ29zdGNvIFJvdGlzc2VyaWUgQ2hpY2tlbg%3D%3D,[Instant Pot] Korean Rice Chicken Porridge (feat. Costco rotisserie chicken) - Îã≠Ï£Ω Cooking Sounds
https://www.youtube.com/shorts/YIPC42K18sg,
https://www.youtube.com/watch?v=wg5ocNMn4zg&pp=ygUZQ29zdGNvIFJvdGlzc2VyaWUgQ2hpY2tlbg%3D%3D,Chicken stock with Costco rotisserie chicken bones
https://www.youtube.com/watch?v=BpsGNxAKX-8&pp=ygUZQ29zdGNvIFJvdGlzc2VyaWUgQ2hpY2tlbg%3D%3D,Costco rotisserie chicken sisig / Air fryer chicken skin chicharon
https://www.youtube.com/watch?v=j9AZEQxBFJk&pp=ygUZQ29zdGNvIFJvdGlzc2VyaWUgQ2hpY2tlbg%3D%3D,ASMR WHOLE ROTISSERIE CHICKEN MUKBANG (No Talking) SAVAGE EATING SOUNDS | Zach Choi ASMR
https://www.youtube.com/watch?v=Kc317INg4S8&pp=ygUZQ29zdGNvIFJvdGlzc2VyaWUgQ2hpY2tlbg%3D%3D,COSTCO Roasted Chicken in Sinigang Mix #pinoyfood #chefmalu #panglasangmekeni
https://www.youtube.com/watch?v=9w6qpDwFe18&pp=ygUZQ29zdGNvIFJvdGlzc2VyaWUgQ2hpY2tlbg%3D%3D,Rotisserie Chicken Breakfast Recipe
https://www.youtube.com/shorts/64RlWsFrIXc,
https://www.youtube.com/watch?v=SIhiaD7salI&pp=ygUZQ29zdGNvIFJvdGlzc2VyaWUgQ2hpY2tlbg%3D%3D,COSTCO DINNER ROTISSERIE CHICKEN ANG SARAP
https://www.youtube.com/shorts/HfU1aB6kpj0,
https://www.youtube.com/watch?v=8VVlnctAQBg&pp=ygUZQ29zdGNvIFJvdGlzc2VyaWUgQ2hpY2tlbg%3D%3D,Quick Apple Chicken Spring Roll using leftover Costco Rotisserie chicken breast & apple ÏÇ¨Í≥º ÏπòÌÇ® Ïä§ÌîÑÎßÅÎ°§
https://www.youtube.com/shorts/zDRMAlatpfQ,
https://www.youtube.com/watch?v=owUitkVtubk&pp=ygUZQ29zdGNvIFJvdGlzc2VyaWUgQ2hpY2tlbg%3D%3D,The Best Way To Carve A Whole Chicken | Epicurious
https://www.youtube.com/watch?v=mMdaBajzJDA&pp=ygUZQ29zdGNvIFJvdGlzc2VyaWUgQ2hpY2tlbg%3D%3D,Costco Chicken Comes at a Huge Price
https://www.youtube.com/watch?v=QKijWbkF7Bk&pp=ygUZQ29zdGNvIFJvdGlzc2VyaWUgQ2hpY2tlbg%3D%3D,Rotisserie chicken to Shawarma Sandwich
https://www.youtube.com/shorts/RxZzITbNWtk,
https://www.youtube.com/watch?v=NrbzJXH6vLM&pp=ygUZQ29zdGNvIFJvdGlzc2VyaWUgQ2hpY2tlbg%3D%3D,Review of Grilled Chicken Strips From Costco | Chef Dawg
https://www.youtube.com/shorts/LFSdaJ5uc10,
https://www.youtube.com/watch?v=hpKfvHLQmNY&pp=ygUZQ29zdGNvIFJvdGlzc2VyaWUgQ2hpY2tlbg%3D%3D,$4.99 For A Costco's Rotisserie Chicken Very Cheapüòã
https://www.youtube.com/watch?v=nD-yP1tx7pc&pp=ygUZQ29zdGNvIFJvdGlzc2VyaWUgQ2hpY2tlbg%3D%3D,Who has the healthiest rotisserie chicken?
https://www.youtube.com/watch?v=QtcRRKnS2SI&pp=ygUZQ29zdGNvIFJvdGlzc2VyaWUgQ2hpY2tlbg%3D%3D,"Costco Has Great Ribs, Pastrami, Shrimp & Rotisserie Chicken"
https://www.youtube.com/watch?v=wdvtAuCkk50&pp=ygUZQ29zdGNvIFJvdGlzc2VyaWUgQ2hpY2tlbg%3D%3D,Costco Ruprecht Chicken Shawarma Review
https://www.youtube.com/shorts/tPxywPwK8t8,
https://www.youtube.com/watch?v=wgczHOhfxWU&pp=ygUZQ29zdGNvIFJvdGlzc2VyaWUgQ2hpY2tlbg%3D%3D,ASMR Costco $5 Whole Rotisserie Chicken EATING SOUNDS - HUNGRY CAKES
https://www.youtube.com/watch?v=JLu3UHPvTuk&pp=ygUZQ29zdGNvIFJvdGlzc2VyaWUgQ2hpY2tlbg%3D%3D,COSTCO ROTISSERIE CHICKEN MUKBANG (EATING SHOW)
https://www.youtube.com/watch?v=Tg4AK5xWQtE&pp=ygUZQ29zdGNvIFJvdGlzc2VyaWUgQ2hpY2tlbg%3D%3D,Coronavirus CoViD-19 Outbreak World Video USA: Costco Having A Rotisserie Chicken Sale In New York?
https://www.youtube.com/shorts/IaeB7isq20o,
https://www.youtube.com/watch?v=XyKMKhVKSTs&pp=ygUZQ29zdGNvIFJvdGlzc2VyaWUgQ2hpY2tlbg%3D%3D,Costco me Itni variety ki wine üò≥|How Rotisserie chicken is cooked
https://www.youtube.com/shorts/AnrEkl51qeQ,
https://www.youtube.com/watch?v=NFTdeUnAuWQ&pp=ygUZQ29zdGNvIFJvdGlzc2VyaWUgQ2hpY2tlbg%3D%3D,Ryan's Costco Haul / Best Rotisserie Chicken / My Lunch & Snacks
https://www.youtube.com/watch?v=_evG2m50IPA&pp=ygUZQ29zdGNvIFJvdGlzc2VyaWUgQ2hpY2tlbg%3D%3D,Simple Steps to the Perfect Rotisserie Chicken | Weber Grills
https://www.youtube.com/shorts/vIbZobMRmP8,
https://www.youtube.com/watch?v=qKhK_zAB0Ao&pp=ygUZQ29zdGNvIFJvdGlzc2VyaWUgQ2hpY2tlbg%3D%3D,Chicken sisig using leftover Rotisserie chicken | ShareeLynPw on Food Etc.
https://www.youtube.com/shorts/R1-NhbfmLE0,
https://www.youtube.com/watch?v=RAxMA9h91oA&pp=ygUZQ29zdGNvIFJvdGlzc2VyaWUgQ2hpY2tlbg%3D%3D,that one rotisserie chicken at costco
https://www.youtube.com/watch?v=hSwzTLBO9F8&pp=ygUZQ29zdGNvIFJvdGlzc2VyaWUgQ2hpY2tlbg%3D%3D,"Costco Rotisserie Chicken - fully utilize; not a cent is wasted Â•ΩÂ∏ÇÂ§ö ÁÉ§Èõû ÂêÉÁõ° Áî®Áõ°, ‰∏ÄÂàÜÈå¢‰πü‰∏çÊµ™Ë≤ª „Ç≥„Çπ„Éà„Ç≥ „ÉÅ„Ç≠„É≥ ÂçÅÂàÜ„Å´Ê¥ªÁî®"
https://www.youtube.com/watch?v=nJfqKE5dfnw&pp=ygUZQ29zdGNvIFJvdGlzc2VyaWUgQ2hpY2tlbg%3D%3D,THE MOST INSANELY JUICY ROTISSERIE CHICKEN I'VE EVER MADE...OMG! | SAM THE COOKING GUY
https://www.youtube.com/watch?v=KqN2z8umPgU&pp=ygUZQ29zdGNvIFJvdGlzc2VyaWUgQ2hpY2tlbg%3D%3D,Salad T·ª´ G√† N∆∞·ªõng Costco | Costco‚Äôs Rotisserie Chicken Meal Idea | Rainbow Salad
https://www.youtube.com/watch?v=3Xi7w5mtqn0&pp=ygUZQ29zdGNvIFJvdGlzc2VyaWUgQ2hpY2tlbg%3D%3D,SIZZLING CHICKEN SISIG/Using Leftover Rotisserie chicken
https://www.youtube.com/watch?v=LMgOL-WFu6M&pp=ygUZQ29zdGNvIFJvdGlzc2VyaWUgQ2hpY2tlbg%3D%3D,Indoor Pet Cat Eats Rotisserie Chicken üêî Costco Turkey Giblets Special Kitty Walmart & Ligaments
https://www.youtube.com/watch?v=FA1lr9MBmdM&pp=ygUZQ29zdGNvIFJvdGlzc2VyaWUgQ2hpY2tlbg%3D%3D,"Costco Rotisserie chicken let's make ""PLAUTAS"""
https://www.youtube.com/watch?v=7helogkJEeE&pp=ygUZQ29zdGNvIFJvdGlzc2VyaWUgQ2hpY2tlbg%3D%3D,Banned Costco Rotisserie Chicken Ad-HAPPY THANKSGIVING!
https://www.youtube.com/shorts/vzi7uI8mLls,
https://www.youtube.com/shorts/ibYAAeXzNvQ,
https://www.youtube.com/watch?v=5JwIvIEbK3w&pp=ygUZQ29zdGNvIFJvdGlzc2VyaWUgQ2hpY2tlbg%3D%3D,11 easy ways to do up some Costco rotisserie chicken & Trader Joe's organic peas üêîü§ëüá∫üá∏
https://www.youtube.com/watch?v=chaQ0xGPtb4&pp=ygUZQ29zdGNvIFJvdGlzc2VyaWUgQ2hpY2tlbg%3D%3D,Repurposing Costco whole rotisserie chicken into bbq chicken on the grill!
https://www.youtube.com/watch?v=XjhbmuthIHE&pp=ygUZQ29zdGNvIFJvdGlzc2VyaWUgQ2hpY2tlbg%3D%3D,ASMR Oatmeal Fufu with Costco Rotisserie Chicken üçó
https://www.youtube.com/shorts/oFWIY4wiB_0,
https://www.youtube.com/watch?v=95dpIiuTfcU&pp=ygUZQ29zdGNvIFJvdGlzc2VyaWUgQ2hpY2tlbg%3D%3D,EATING WHOLE ROTISSERIE CHICKEN COUPLES CHALLENGE || MUKBANG WHOLE CHICKEN WITH SALSA || COSTCO 4K
https://www.youtube.com/watch?v=n0lPRRLkdN0&pp=ygUZQ29zdGNvIFJvdGlzc2VyaWUgQ2hpY2tlbg%3D%3D,Shopping At Costco For Meat & Seafood - What To Buy & Avoid
https://www.youtube.com/shorts/pZonT15zbxs,
https://www.youtube.com/watch?v=qXiJvnnjfSc&pp=ygUZQ29zdGNvIFJvdGlzc2VyaWUgQ2hpY2tlbg%3D%3D,FOOD INFLATION STINKS! - Publix Rotisserie Chicken - Is It Worth Your Hard Earned Money?
https://www.youtube.com/watch?v=sobxGMdSsIM&pp=ygUZQ29zdGNvIFJvdGlzc2VyaWUgQ2hpY2tlbg%3D%3D,Costco Dinner! Rotisserie | Steamed Broccoli | Chicken Alfredo
https://www.youtube.com/watch?v=km2eatn2GFc&pp=ygUZQ29zdGNvIFJvdGlzc2VyaWUgQ2hpY2tlbg%3D%3D,Costco Rotisserie Chicken - Don't Throw Away the Container ! Â•ΩÂ∏ÇÂ§ö ÁÉ§Èõû ÁõíÂ≠ê ÂçÉËê¨‰∏çË¶ÅÊ£ÑÊéâ Â§öÁî®ÈÄî „Ç≥„Çπ„Éà„Ç≥ „ÉÅ„Ç≠„É≥ Â§öÁõÆÁöÑ„Ç≥„É≥„ÉÜ„Éä
https://www.youtube.com/watch?v=Ktao0WlS0l4&pp=ygUZQ29zdGNvIFJvdGlzc2VyaWUgQ2hpY2tlbg%3D%3D,ASMR Costco Roasted Chicken | Mukbang | Eating Sounds | messy eating show
https://www.youtube.com/watch?v=Io8TjIMSggY&pp=ygUZQ29zdGNvIFJvdGlzc2VyaWUgQ2hpY2tlbg%3D%3D,"Cost Analysis: Comparing Rotisserie Chicken (Costco, Walmart, Market Basket & Homemade)"
https://www.youtube.com/shorts/2RavK9VvKKk,
https://www.youtube.com/watch?v=pJonzObiMg0&pp=ygUZQ29zdGNvIFJvdGlzc2VyaWUgQ2hpY2tlbg%3D%3D,Costco Chicken Alfredo Review and Cooking Instructions
https://www.youtube.com/watch?v=rM_hDGR1jrs&pp=ygUZQ29zdGNvIFJvdGlzc2VyaWUgQ2hpY2tlbg%3D%3D,"COSTCO deals you should buy || February 11, 2023 #keso #steak #rotisserie chicken üßÄü•©üçó"
https://www.youtube.com/watch?v=XFwMcC7GFN8&pp=ygUZQ29zdGNvIFJvdGlzc2VyaWUgQ2hpY2tlbg%3D%3D,Eating a Costco rotisserie chicken
https://www.youtube.com/shorts/TPfwxHumdpE,
https://www.youtube.com/watch?v=cWq_OQDBs6Q&pp=ygUZQ29zdGNvIFJvdGlzc2VyaWUgQ2hpY2tlbg%3D%3D,COSTCO BUSINESS CENTER - NEW & GREAT FINDS!
https://www.youtube.com/shorts/ZXVlPrsKToI,
https://www.youtube.com/watch?v=vG4j9wChwOo&pp=ygUZQ29zdGNvIFJvdGlzc2VyaWUgQ2hpY2tlbg%3D%3D,What is the most popular Costco item?
https://www.youtube.com/watch?v=nYMloe170BQ&pp=ygUZQ29zdGNvIFJvdGlzc2VyaWUgQ2hpY2tlbg%3D%3D,Chicken cobbler takes over TikTok l GMA
https://www.youtube.com/shorts/PsBHIJ26fFY,
https://www.youtube.com/watch?v=VOqygG1_fQI&pp=ygUZQ29zdGNvIFJvdGlzc2VyaWUgQ2hpY2tlbg%3D%3D,Rotisserie Chicken - Juicy ROAST CHICKEN RECIPE
https://www.youtube.com/shorts/qmUH6teYr_w,
https://www.youtube.com/shorts/RYOlZ7YVG30,
https://www.youtube.com/shorts/So-htMehH04,
https://www.youtube.com/shorts/38ES6w05Pdw,
https://www.youtube.com/watch?v=IY9Hgvr9VoY&pp=ygUZQ29zdGNvIFJvdGlzc2VyaWUgQ2hpY2tlbg%3D%3D,Costco Deals - Let's Shop
https://www.youtube.com/watch?v=-GW1GP_bBcU&pp=ygUZQ29zdGNvIFJvdGlzc2VyaWUgQ2hpY2tlbg%3D%3D,Trying the ENTIRE COSTCO FOOD COURT MENU for the FIRST Time!
https://www.youtube.com/watch?v=welJLrn5GI0&pp=ygUZQ29zdGNvIFJvdGlzc2VyaWUgQ2hpY2tlbg%3D%3D,Costco Shop W/ Me & Grocery Haul | Spring Alaska Prices $$$
https://www.youtube.com/watch?v=5K9brCRKND0&pp=ygUZQ29zdGNvIFJvdGlzc2VyaWUgQ2hpY2tlbg%3D%3D,"Terrible News at Home Depot! Stock Plummets, is Lowe's Next?"
https://www.youtube.com/watch?v=M9Ch3EsEFUw&pp=ygUZQ29zdGNvIFJvdGlzc2VyaWUgQ2hpY2tlbg%3D%3D,The Costco Run(ner)
https://www.youtube.com/watch?v=zBGzBWgOaFA&pp=ygUZQ29zdGNvIFJvdGlzc2VyaWUgQ2hpY2tlbg%3D%3D,Chicken Squash Salad @BophaJonathansAdventureShow
https://www.youtube.com/watch?v=Au7aucJIvOo&pp=ygUZQ29zdGNvIFJvdGlzc2VyaWUgQ2hpY2tlbg%3D%3D,The Perfect TERIYAKI CHICKEN
https://www.youtube.com/shorts/lNYJRr9lGhI,
https://www.youtube.com/watch?v=-5yC_A4FsIQ&pp=ygUZQ29zdGNvIFJvdGlzc2VyaWUgQ2hpY2tlbg%3D%3D,Monthly Costco haul for our household of 5!
https://www.youtube.com/watch?v=f1d3-P-wEkU&pp=ygUZQ29zdGNvIFJvdGlzc2VyaWUgQ2hpY2tlbg%3D%3D,Auckland Costco | New Zealand's First Costco
https://www.youtube.com/watch?v=e9QKp8dHbUc&pp=ygUZQ29zdGNvIFJvdGlzc2VyaWUgQ2hpY2tlbg%3D%3D,üö®MAY COSTCO ON A BUDGET? $175 Haul!
https://www.youtube.com/watch?v=YIhNDgx1CAw&pp=ygUZQ29zdGNvIFJvdGlzc2VyaWUgQ2hpY2tlbg%3D%3D,Here we go.
https://www.youtube.com/watch?v=FXb2l5HvXBo&pp=ygUZQ29zdGNvIFJvdGlzc2VyaWUgQ2hpY2tlbg%3D%3D,Napoleon 64000 Rotisserie Basket Grill Accessory - HONEST Review
https://www.youtube.com/watch?v=1uusYDOaVvs&pp=ygUZQ29zdGNvIFJvdGlzc2VyaWUgQ2hpY2tlbg%3D%3D,"SAVINGS MONEY At Costco! 22 Items You Should Buy, Any Items Have Discounts @JennaHo @JennaHo99"
https://www.youtube.com/watch?v=1yOi7CHrBzI&pp=ygUZQ29zdGNvIFJvdGlzc2VyaWUgQ2hpY2tlbg%3D%3D,LOADED LOBSTER AND SHRIMP NACHOS MUKBANG!!!!!
https://www.youtube.com/watch?v=2GPSvxg0M9s&pp=ygUZQ29zdGNvIFJvdGlzc2VyaWUgQ2hpY2tlbg%3D%3D,Chicken Kebab using Sur LaTable Air Fryer
https://www.youtube.com/watch?v=OdMQHp5EQ9w&pp=ygUZQ29zdGNvIFJvdGlzc2VyaWUgQ2hpY2tlbg%3D%3D,Whataburger¬Æ Buffalo Ranch Chicken Strip Sandwich Review! üêÉüêîü•™| theendorsement
https://www.youtube.com/watch?v=z-wYmrAleEc&pp=ygUZQ29zdGNvIFJvdGlzc2VyaWUgQ2hpY2tlbg%3D%3D,Top 10 Carnivore Foods That Will SAVE You Money
https://www.youtube.com/watch?v=SY3ZPNJqVnc&pp=ygUZQ29zdGNvIFJvdGlzc2VyaWUgQ2hpY2tlbg%3D%3D,Does Costco have Thanksgiving sides?
https://www.youtube.com/shorts/GxD6paFZwqc,
https://www.youtube.com/watch?v=igJ2DwwQikk&pp=ygUZQ29zdGNvIFJvdGlzc2VyaWUgQ2hpY2tlbg%3D%3D,üî¥*LIVE* Pokemon Card Giveaway Plus Investigating These Costco Tins. Expecting Zero Alt Arts.
https://www.youtube.com/watch?v=6iZaZv58aVE&pp=ygUZQ29zdGNvIFJvdGlzc2VyaWUgQ2hpY2tlbg%3D%3D,"Boss' Chicken and Pizza, Rapid City"
https://www.youtube.com/watch?v=a0ijewBQcxs&pp=ygUZQ29zdGNvIFJvdGlzc2VyaWUgQ2hpY2tlbg%3D%3D,A week in the life of a corporate chef for a large automotive dealership group.
https://www.youtube.com/shorts/KKF7GZQX_5s,
https://www.youtube.com/watch?v=MDWSooBw1IE&pp=ygUZQ29zdGNvIFJvdGlzc2VyaWUgQ2hpY2tlbg%3D%3D,Do we feel lucky today!!! LIVE
https://www.youtube.com/watch?v=gkc6DBUdfr8&pp=ygUZQ29zdGNvIFJvdGlzc2VyaWUgQ2hpY2tlbg%3D%3D,Hauling In Big Savings At The Dollar Tree!
https://www.youtube.com/shorts/dvW2uXAfgpI,
https://www.youtube.com/shorts/ALkmqU03wf8,
https://www.youtube.com/watch?v=rGgPXxC2dtw&pp=ygUZQ29zdGNvIFJvdGlzc2VyaWUgQ2hpY2tlbg%3D%3D,"I can't be the only one who does this, right? | Weird Food Combos"
https://www.youtube.com/watch?v=e0rAQU0gCJA&pp=ygUZQ29zdGNvIFJvdGlzc2VyaWUgQ2hpY2tlbg%3D%3D,WHAT I EAT IN A DAY FOR SUSTAINABLE WEIGHT LOSS | WW(WeightWatchers) Points | Meat Sauce Pasta
https://www.youtube.com/watch?v=2j15HO841mk&pp=ygUZQ29zdGNvIFJvdGlzc2VyaWUgQ2hpY2tlbg%3D%3D,Sour Cream Enchiladas | White Chicken Enchiladas | Sour Cream Chicken | Dinners Dishes And Desserts
https://www.youtube.com/watch?v=IU2DAz3SQqI&pp=ygUZQ29zdGNvIFJvdGlzc2VyaWUgQ2hpY2tlbg%3D%3D,Will These Trader Joe's Frozen Meals Fit Into the LunchEAZE Containers?
https://www.youtube.com/watch?v=2zT_2dAI1BM&pp=ygUZQ29zdGNvIFJvdGlzc2VyaWUgQ2hpY2tlbg%3D%3D,"ME FU√ç A COSTCO EN GUADALAJARA JAL,DESCUENTOS DEL MES COSTCO M√âXICO, COMPARACI√ìN Costco üá≤üáΩ vs üá∫üá∏"
https://www.youtube.com/watch?v=c_rbWKxi1sg&pp=ygUZQ29zdGNvIFJvdGlzc2VyaWUgQ2hpY2tlbg%3D%3D,FIRST WEEK in the new house: unpacking/shopping/cleaning/cooking FAIL lol
https://www.youtube.com/watch?v=qeck6P6U_Hs&pp=ygUZQ29zdGNvIFJvdGlzc2VyaWUgQ2hpY2tlbg%3D%3D,Comparing costs: Meal kits vs. grocery store purchase
https://www.youtube.com/watch?v=sRsGSDjJJ3o&pp=ygUZQ29zdGNvIFJvdGlzc2VyaWUgQ2hpY2tlbg%3D%3D,I can't believe I actually finished a whole Chicken!
https://www.youtube.com/watch?v=iWxeMF4Q9UM&pp=ygUZQ29zdGNvIFJvdGlzc2VyaWUgQ2hpY2tlbg%3D%3D,Little Caesars New Crazy Puffs! (Pepperoni) & (3 Cheese & Herb).
https://www.youtube.com/watch?v=Vs-amn1TlQc&pp=ygUZQ29zdGNvIFJvdGlzc2VyaWUgQ2hpY2tlbg%3D%3D,15 Food Products that will Disappear from Grocery Stores in The Coming Months
https://www.youtube.com/watch?v=byjmCw-wBD8&pp=ygUZQ29zdGNvIFJvdGlzc2VyaWUgQ2hpY2tlbg%3D%3D,how to GROCERY SHOP healthy
https://www.youtube.com/shorts/hcz8LJRXgmg,
https://www.youtube.com/watch?v=eT2BOzJXvJQ&pp=ygUZQ29zdGNvIFJvdGlzc2VyaWUgQ2hpY2tlbg%3D%3D,THE BEST OF r/SUSPICIOUSLYSPECIFIC
https://www.youtube.com/shorts/DNtcY5WM9Zw,
https://www.youtube.com/watch?v=MGwVX3rFNYk&pp=ygUZQ29zdGNvIFJvdGlzc2VyaWUgQ2hpY2tlbg%3D%3D,"MOVING VLOG EP. 2 | getting settled, stocking up, self care moments, & starting to decorate"
https://www.youtube.com/watch?v=ikYaguipk2o&pp=ygUZQ29zdGNvIFJvdGlzc2VyaWUgQ2hpY2tlbg%3D%3D,"Spending time with Clucky, Ginger, Lofty & Flossy"
https://www.youtube.com/watch?v=0LV2iVoh1dg&pp=ygUZQ29zdGNvIFJvdGlzc2VyaWUgQ2hpY2tlbg%3D%3D,Green Beans Recipe That's NOT Boring
https://www.youtube.com/watch?v=mHpOIvZolfk&pp=ygUZQ29zdGNvIFJvdGlzc2VyaWUgQ2hpY2tlbg%3D%3D,STOP These 10 Grocery Shopping Mistakes To Save Thousands!
https://www.youtube.com/watch?v=NVuDYAHsWgA&pp=ygUZQ29zdGNvIFJvdGlzc2VyaWUgQ2hpY2tlbg%3D%3D,Here's Why Over 1 Million Dashers Just Logged Out of DoorDash For The Last Time...
https://www.youtube.com/watch?v=kTHPRko2KmM&pp=ygUZQ29zdGNvIFJvdGlzc2VyaWUgQ2hpY2tlbg%3D%3D,Trying Viral Food That I Found On The Internet
https://www.youtube.com/shorts/4TatLLQTmpY,
https://www.youtube.com/watch?v=Jd3s3QoL-F0&pp=ygUZQ29zdGNvIFJvdGlzc2VyaWUgQ2hpY2tlbg%3D%3D,POPEYES LIVE MUKBANG ‚Ä¢ I‚Äôve Given Up‚Ä¶‚Ä¶
https://www.youtube.com/watch?v=vnbiGQXpI4s&pp=ygUZQ29zdGNvIFJvdGlzc2VyaWUgQ2hpY2tlbg%3D%3D,Juiciest Burger to Have Existed? Wulf Burger Review 2023
https://www.youtube.com/watch?v=gYeUbJdfgD4&pp=ygUZQ29zdGNvIFJvdGlzc2VyaWUgQ2hpY2tlbg%3D%3D,Screwing...Caulking... Priming..Cooking..Shopping.. 50% off Haul'n and More
https://www.youtube.com/watch?v=YcikQSzu4D0&pp=ygUZQ29zdGNvIFJvdGlzc2VyaWUgQ2hpY2tlbg%3D%3D,Costco New Products & Recommended Products 6 Must-Buy Products at Costco
https://www.youtube.com/watch?v=6m0Q2z26BnA&pp=ygUZQ29zdGNvIFJvdGlzc2VyaWUgQ2hpY2tlbg%3D%3D,I'll Help You Out Momma!
https://www.youtube.com/watch?v=9214acpnJcs&pp=ygUZQ29zdGNvIFJvdGlzc2VyaWUgQ2hpY2tlbg%3D%3D,Fight hunger and support local artists at Empty Bowls Houston
https://www.youtube.com/watch?v=vV_0aUX51cU&pp=ygUZQ29zdGNvIFJvdGlzc2VyaWUgQ2hpY2tlbg%3D%3D,Are You Garbage Comedy Podcast: Joey Diaz!
https://www.youtube.com/watch?v=cuKFfDLOFvs&pp=ygUZQ29zdGNvIFJvdGlzc2VyaWUgQ2hpY2tlbg%3D%3D,„Äê„Ç≥„Çπ„Éà„Ç≥Ë≥ºÂÖ•ÂìÅ„ÄëÊàë„ÅåÂÆ∂„ÅÆ„É™„Éî„Éº„ÉàÂïÜÂìÅüíÅ‚Äç‚ôÄÔ∏èÔºè„Åä„Åô„Åô„ÇÅÈ£üÂìÅ„ÄÅÊó•Áî®ÂìÅüõíÔºè„ÉØ„É≥„Ç™„Éö„ÅÆÊó•„Å´„Ç≥„Çπ„Éà„Ç≥„ÅØ„Éè„Éº„ÉâÈÅé„Åé„Åü‚ö°Ô∏è„Äê„É´„Éº„ÉÜ„Ç£„É≥„Äë
https://www.youtube.com/watch?v=wfq5o9rqEeU&pp=ygUZQ29zdGNvIFJvdGlzc2VyaWUgQ2hpY2tlbg%3D%3D,We Opened A New Restaurant!!!
https://www.youtube.com/watch?v=lEAewKPzZQk&pp=ygUZQ29zdGNvIFJvdGlzc2VyaWUgQ2hpY2tlbg%3D%3D,I review viewers' skirts. (...and UruMaid appearance...?)
https://www.youtube.com/watch?v=X06eLv6PZcI&pp=ygUZQ29zdGNvIFJvdGlzc2VyaWUgQ2hpY2tlbg%3D%3D,"[ÎßàÎ∏î Ïä§ÎÉÖ] ""ÎßàÏùåÍªè ÎπÑÏõÉÏñ¥ Í∑∏ ÎπÑÏõÉÏùå ÌôòÌò∏ÏÑ±ÏúºÎ°ú Î∞îÍøîÏ§ÑÌÖåÎãàÍπê"" Í∞ÄÎîîÏñ∏Ïùò ÏµúÍ≥† ÌûàÌä∏ Í≥° ÏãúÏ¶å Ï•¨ÏΩòÏªµ ÎåÄÌöå"
https://www.youtube.com/watch?v=_LhVDt-qG-8&pp=ygUZQ29zdGNvIFJvdGlzc2VyaWUgQ2hpY2tlbg%3D%3D,"Culver's Drive Thru, Pot Roast Sandwich Meal, Mashed Potatoes & Lemonade, Maricopa, AZ, 13 May 2023"
https://www.youtube.com/watch?v=IyWSnvgIs6s&pp=ygUZQ29zdGNvIFJvdGlzc2VyaWUgQ2hpY2tlbg%3D%3D,"Eating Culver's Pot Roast Sandwich & Mashed Potatoes with Lemonade, Maricopa, Arizona, 13 May 2023"
